-- phpMyAdmin SQL Dump
-- version 4.9.7
-- https://www.phpmyadmin.net/
--
-- Host: localhost:3306
-- Generation Time: Aug 09, 2022 at 07:42 AM
-- Server version: 10.5.16-MariaDB-cll-lve
-- PHP Version: 7.4.30

SET SQL_MODE = "NO_AUTO_VALUE_ON_ZERO";
SET AUTOCOMMIT = 0;
START TRANSACTION;
SET time_zone = "+00:00";


/*!40101 SET @OLD_CHARACTER_SET_CLIENT=@@CHARACTER_SET_CLIENT */;
/*!40101 SET @OLD_CHARACTER_SET_RESULTS=@@CHARACTER_SET_RESULTS */;
/*!40101 SET @OLD_COLLATION_CONNECTION=@@COLLATION_CONNECTION */;
/*!40101 SET NAMES utf8mb4 */;

--
-- Database: `u1681554_db_gstore`
--

-- --------------------------------------------------------

--
-- Table structure for table `banners`
--

CREATE TABLE `banners` (
  `id` int(11) NOT NULL,
  `product_id` int(11) DEFAULT NULL,
  `image` varchar(100) NOT NULL,
  `head` varchar(50) NOT NULL,
  `content` varchar(100) NOT NULL,
  `text_color` enum('text-dark','text-light') NOT NULL
) ENGINE=InnoDB DEFAULT CHARSET=latin1;

--
-- Dumping data for table `banners`
--

INSERT INTO `banners` (`id`, `product_id`, `image`, `head`, `content`, `text_color`) VALUES
(4, 0, '42036f2912f7caa797e423eaa7dd8c6c.jpg', 'Selamat Datang di', 'Situs Download Game Online Indonesia', 'text-dark'),
(7, 6, '486457ee15547670320032546f0f3b2d.jpg', 'Game RPG', 'Situs Download Game Online Indonesia', 'text-dark'),
(8, 3, '6461e3cb49604d8b9b2fc35c7d0adf67.jpg', 'Banner', 'Banner', 'text-light');

-- --------------------------------------------------------

--
-- Table structure for table `cart`
--

CREATE TABLE `cart` (
  `id` int(11) NOT NULL,
  `user_id` int(11) NOT NULL,
  `product_id` int(11) NOT NULL,
  `subtotal` int(11) NOT NULL
) ENGINE=InnoDB DEFAULT CHARSET=latin1;

--
-- Dumping data for table `cart`
--

INSERT INTO `cart` (`id`, `user_id`, `product_id`, `subtotal`) VALUES
(1, 6, 1, 205000),
(15, 1, 5, 140000),
(16, 1, 5, 140000),
(18, 15, 1, 70000),
(19, 1, 4, 700000),
(20, 16, 2, 280000),
(26, 19, 2, 280000),
(27, 19, 2, 280000),
(57, 29, 15, 50000),
(62, 32, 15, 50000),
(64, 34, 5, 140000),
(66, 34, 15, 50000),
(71, 36, 15, 50000),
(72, 36, 14, 560000),
(74, 37, 15, 50000),
(76, 38, 7, 1000000),
(77, 27, 17, 40000),
(86, 27, 20, 20000);

-- --------------------------------------------------------

--
-- Table structure for table `orders`
--

CREATE TABLE `orders` (
  `id` int(11) NOT NULL,
  `user_id` int(11) NOT NULL,
  `date` date NOT NULL,
  `invoice` varchar(100) NOT NULL,
  `total` int(11) NOT NULL,
  `name` varchar(100) NOT NULL,
  `address` varchar(255) NOT NULL,
  `phone` text NOT NULL,
  `status` varchar(255) NOT NULL,
  `transaction_id` varchar(255) NOT NULL,
  `payment_code` varchar(255) NOT NULL,
  `bank_id` varchar(255) NOT NULL,
  `expired_time` datetime NOT NULL
) ENGINE=InnoDB DEFAULT CHARSET=latin1;

--
-- Dumping data for table `orders`
--

INSERT INTO `orders` (`id`, `user_id`, `date`, `invoice`, `total`, `name`, `address`, `phone`, `status`, `transaction_id`, `payment_code`, `bank_id`, `expired_time`) VALUES
(1, 20, '2022-03-21', '2020220321152147', 280000, 'testuser123', 'tes', '2388284771727323', '', 'd2e420a6-bbb6-45d0-98d8-95f91ce41982', '7007011040238828', 'VA_BCA', '2022-03-21 22:21:49'),
(2, 20, '2022-03-21', '2020220321152320', 140000, 'testuser123', 'test', '3235456652343', '', '0adad20d-d3f5-4238-93f9-2cd2981c18c2', '8474010583235456', 'VA_MUAMALAT', '2022-03-21 22:23:22'),
(3, 20, '2022-03-21', '2020220321152507', 280000, 'testuser123', 'rtqwe', '44123468865', '', '7f3b06ce-ab06-46da-a114-04554705a475', '8979505744123468', 'VA_MANDIRI', '2022-03-21 22:25:09'),
(4, 20, '2022-03-21', '2020220321153607', 1400000, 'testuser123', 'test', '55498761465', '', 'c4179fcc-d5b5-42c6-a08b-26a904796fcd', '7007011040554987', 'VA_BCA', '2022-03-21 22:36:10'),
(5, 20, '2022-03-21', '2020220321154418', 700000, 'testuser123', 'tett', '6287817400043', '', '29df9f6a0cd945cf94192a4de8293c', '1271604962878174', 'VA_BRI', '2022-03-21 22:44:20'),
(6, 20, '2022-03-21', '2020220321154653', 140000, 'testuser123', 'testt', '6287817400043', '', 'cd59209f-ba8b-4202-b0cc-88e0bb2c24c8', '7999083628781740', 'VA_PERMATA', '0000-00-00 00:00:00'),
(7, 20, '2022-03-21', '2020220321154745', 1400000, 'testuser123', '1233', '123444556661', '', '07ac0091-2467-4c30-966e-35d7bf6b0a3d', '7007011040123444', 'VA_BCA', '2022-03-21 22:47:47'),
(8, 20, '2022-03-21', '2020220321155005', 280000, 'testuser123', '123312', '4335512345545', '', '995a3a6e-a7bb-4195-85b7-ea5b3ec9fdb5', '7999083433551234', 'VA_PERMATA', '2022-03-21 22:50:07'),
(9, 20, '2022-03-21', '2020220321155256', 700000, 'testuser123', '123', '6287817400043', '', 'cce0af35-43f3-4cca-8036-cb6229af818c', '8474010586287817', 'VA_MUAMALAT', '2022-03-21 22:52:59'),
(10, 13, '2022-04-27', '1320220427025721', 50000, 'Mayang', 'Jalan Margasatwa No.15 Jakarta Selatan', '082111800880', '', '0394686f-c980-45c4-acd8-748286c28227', '7007011040082111', 'VA_BCA', '2022-04-27 10:57:22'),
(11, 28, '2022-05-11', '2820220511095343', 70000, 'wiralalala', 'rumah tuhan', '5161891136', '', '1f72382d-caf7-4bb6-a915-b6f4ee0ff484', '7007011040516189', 'VA_BCA', '2022-05-11 17:53:45'),
(12, 13, '2022-05-20', '1320220520091058', 50000, 'wanda', 'jalan mampang prapatan', '082111800880', '', '73061ab1ad2f4bbab1d4ff2b3fdb0e', '1271604908211180', 'VA_BRI', '2022-05-20 17:11:00'),
(13, 30, '2022-06-06', '3020220606080307', 560000, 'Boim Pelor', 'JL. BATAS INDAH NO.10B 005/001 PD JAYA , PD AREN', '081285823927', '', '31170e7ac01b4db6bd32bb9f3529df', '8632060081285823', 'VA_BNI', '2022-06-06 16:03:09'),
(14, 31, '2022-06-23', '3120220623101836', 100000, 'test', 'test aja', '08526323232', '', 'b419a79c2b4842a0b10417ddc10b44', '1271604908526323', 'VA_BRI', '2022-06-23 18:18:38'),
(15, 33, '2022-07-06', '3320220706064131', 50000, 'asddasd', 'Bogor, jawa barat', '08293837432', '', '5db7af753d0b4d54ac84f34d4110b3', '8632060082938374', 'VA_BNI', '2022-07-06 14:41:33'),
(16, 35, '2022-07-08', '3520220708110135', 1400000, 'lala', 'menaraaaaaaaaa no 14 ', '08999017657', '', '4faa3bc0-fd08-4d2e-bb11-dba405f2c36a', '7999083089990176', 'VA_PERMATA', '2022-07-08 19:01:36'),
(17, 20, '2022-07-15', '2020220715092527', 50000, 'testuser123', 'asd', '081219483808', '', 'fa55ab8b-e2ed-46fd-8349-5acfe8c42910', '7999083081219483', 'VA_PERMATA', '2022-07-15 17:25:29'),
(18, 39, '2022-08-08', '3920220808081243', 100000, 'Denny', 'Komplek Spring Selatan No. 52 Jl. Raya Telaga Gading Serpong- Gading Serpong,Kab. Tangerang, Banten', '081380667442', '', '08a6b1cf-9001-4709-bdf5-51bc8d5dff3a', '7999083081380667', 'VA_PERMATA', '2022-08-08 16:12:45'),
(19, 39, '2022-08-08', '3920220808142232', 75000, 'Denny Setiawan', 'Jl Test', '6285710759744', '', '97571dd9-b3cc-4828-9807-6b8c609b51be', '7999083628571075', 'VA_PERMATA', '2022-08-08 22:22:34');

-- --------------------------------------------------------

--
-- Table structure for table `orders_confirm`
--

CREATE TABLE `orders_confirm` (
  `id` int(11) NOT NULL,
  `orders_id` int(11) NOT NULL,
  `account_name` varchar(100) NOT NULL,
  `account_number` varchar(50) NOT NULL,
  `nominal` int(11) NOT NULL,
  `note` varchar(255) NOT NULL,
  `image` text NOT NULL
) ENGINE=InnoDB DEFAULT CHARSET=latin1;

--
-- Dumping data for table `orders_confirm`
--

INSERT INTO `orders_confirm` (`id`, `orders_id`, `account_name`, `account_number`, `nominal`, `note`, `image`) VALUES
(3, 4, 'User', '111222333', 99999999, 'asdfasdfasdf', '23c839ec129597ed7735de78e515120a.jpg');

-- --------------------------------------------------------

--
-- Table structure for table `orders_detail`
--

CREATE TABLE `orders_detail` (
  `id` int(11) NOT NULL,
  `orders_id` int(11) NOT NULL,
  `product_id` int(11) NOT NULL,
  `subtotal` int(11) NOT NULL
) ENGINE=InnoDB DEFAULT CHARSET=latin1;

--
-- Dumping data for table `orders_detail`
--

INSERT INTO `orders_detail` (`id`, `orders_id`, `product_id`, `subtotal`) VALUES
(7, 4, 1, 205000),
(8, 4, 5, 500000),
(9, 5, 1, 205000),
(10, 6, 1, 205000),
(11, 6, 1, 205000),
(12, 7, 1, 205000),
(13, 8, 1, 70000),
(14, 9, 1, 70000),
(15, 10, 1, 70000),
(16, 11, 2, 280000),
(17, 12, 1, 70000),
(18, 13, 2, 280000),
(19, 14, 1, 70000),
(20, 14, 2, 280000),
(21, 15, 2, 280000),
(22, 16, 2, 280000),
(23, 17, 1, 70000),
(24, 18, 3, 1400000),
(25, 19, 4, 700000),
(26, 20, 3, 1400000),
(27, 21, 2, 280000),
(28, 22, 3, 1400000),
(29, 23, 1, 70000),
(30, 24, 2, 280000),
(31, 25, 2, 280000),
(32, 26, 3, 1400000),
(33, 27, 4, 700000),
(34, 28, 5, 140000),
(35, 29, 1, 70000),
(36, 30, 2, 280000),
(37, 31, 3, 1400000),
(38, 1, 2, 280000),
(39, 2, 5, 140000),
(40, 3, 2, 280000),
(41, 4, 3, 1400000),
(42, 5, 4, 700000),
(43, 6, 5, 140000),
(44, 7, 3, 1400000),
(45, 8, 2, 280000),
(46, 9, 4, 700000),
(47, 10, 15, 50000),
(48, 11, 1, 70000),
(49, 12, 15, 50000),
(50, 13, 14, 560000),
(51, 14, 16, 100000),
(52, 15, 15, 50000),
(53, 16, 3, 1400000),
(54, 17, 15, 50000),
(55, 18, 16, 100000),
(56, 19, 18, 75000);

-- --------------------------------------------------------

--
-- Table structure for table `privasi`
--

CREATE TABLE `privasi` (
  `id` int(11) NOT NULL,
  `description` text NOT NULL
) ENGINE=InnoDB DEFAULT CHARSET=utf8mb4;

--
-- Dumping data for table `privasi`
--

INSERT INTO `privasi` (`id`, `description`) VALUES
(1, '<p><strong>Syarat dan Ketentuan Pembelian Produk DBB<br />\r\nUntuk menggunakan Layanan ini, Anda harus :</strong></p>\r\n\r\n<ul>\r\n	<li>Pilih terlebih dahulu produk voucher dan nominal yang anda akan beli</li>\r\n	<li>Untuk Top Up Game masukan ID game anda terlebih dahulu pastikan ID Game anda Benar.</li>\r\n	<li>Untuk melanjutkan transaksi mohon pilih terlebih dahulu metode pembayaran</li>\r\n	<li>Memasukan Alamat email anda yang Benar dan Aktif</li>\r\n	<li>Pastikan bahwa alamat email anda Benar dan Aktif, karena Kode Voucher anda akan dikirim ke email tersebut</li>\r\n	<li>Lakukan pembayaran sesuai dengan metode pembayaran yang anda pilih</li>\r\n	<li>Cek email anda untuk mengetahui kode voucher yang anda beli</li>\r\n</ul>\r\n\r\n<p><strong>Dengan menggunakan Layanan ini, Anda mengakui bahwa :</strong></p>\r\n\r\n<ul>\r\n	<li>DBB tidak bertanggung jawab atas kesalahan yang anda perbuat dengan kesalahan penulisan Alamat Email dan ID Game</li>\r\n	<li>Transaksi yang diadakan melalui Layanan tidak dapat batalkan setelah transaksinya dimulai</li>\r\n	<li>Anda bertanggung jawab penuh atas penggunaan rekening dan email Anda</li>\r\n	<li>DBB tidak berkewajiban terhadap Anda atau pihak ketiga mana pun apabila terjadi penggunaan atau pengaksesan yang tidak sah</li>\r\n	<li>Anda bertanggung jawab atas pajak, bea, tarif nilai tukar, biaya data dan semua biaya yang terkait dengan pembelian yang Anda lakukan menggunakan Layanan</li>\r\n	<li>DBB, Operator, atau Pedagang bisa menolak transaksi yang Anda lakukan melalui Layanan dengan alasan apa pun, dan bahwa, apabila hal ini terjadi, DBB tidak memiliki kewajiban apa pun terhadap Anda</li>\r\n</ul>\r\n\r\n<p><strong>Anda tidak boleh :</strong></p>\r\n\r\n<ul>\r\n	<li>Memasukan alamat email yang tidak benar</li>\r\n	<li>Memasukan ID Game bukan milik anda.</li>\r\n	<li>Menggunakan Layanan dengan cara, atau untuk tujuan yang melanggar hukum yang berlaku</li>\r\n	<li>Berusaha merusak, mengganggu, atau sebaliknya terlibat dalam aktivitas yang mengurangi DBB, situsweb kami, atau Layanan kami</li>\r\n	<li>Sengaja memberikan identitas yang salah atau menggunakan identitas orang lain</li>\r\n	<li>Berusaha mengakses akun, komputer atau jaringan mana pun yang terkait dengan Layanan tanpa kewenangan</li>\r\n	<li>Berusaha memperoleh data melalui sarana apa pun dari Layanan, kecuali apabila kami bermaksud memberikan atau menjadikannya tersedia bagi Anda</li>\r\n	<li>Berusaha membebankan biaya pada orang lain atas penggunaan Layanan oleh Anda entah langsung atau pun tidak langsung</li>\r\n	<li>Menggunakan Layanan untuk memfitnah, menyalahgunakan, mengganggu, menguntit, mengancam atau sebaliknya melanggar hak hukum orang lain</li>\r\n	<li>Menggunakan Layanan untuk membeli materi apa pun yang dilindungi oleh hukum kekayaan intelektual kecuali Anda memiliki atau mengendalikan hak atas barang tersebut atau telah mendapat semua persetujuan yang diperlukan</li>\r\n	<li>Menggunakan Layanan untuk memanen atau mengumpulkan informasi tentang orang lain, termasuk alamat email</li>\r\n	<li>Berusaha mengubah, menerjemahkan, menyesuaikan, mengedit, menyalin, menguraikan, membongkar, atau merekayasa balik peranti lunak yang digunakan atau disediakan oleh DBB.</li>\r\n</ul>\r\n');

-- --------------------------------------------------------

--
-- Table structure for table `products`
--

CREATE TABLE `products` (
  `id` int(11) NOT NULL,
  `name` varchar(100) NOT NULL,
  `price` int(11) NOT NULL,
  `edition` varchar(255) NOT NULL,
  `image` varchar(255) NOT NULL,
  `description` text NOT NULL,
  `requirements` text NOT NULL
) ENGINE=InnoDB DEFAULT CHARSET=latin1;

--
-- Dumping data for table `products`
--

INSERT INTO `products` (`id`, `name`, `price`, `edition`, `image`, `description`, `requirements`) VALUES
(1, 'Assassin\'s Creed Origins', 70000, 'reguler', '7af925a0ba81a90a908bee11bfdb24a5.jpg', '<p><strong>ASSASSIN&rsquo;S CREED&reg; ORIGINS IS A NEW BEGINNING </strong></p>\r\n\r\n<p>*The Discovery Tour by Assassin&rsquo;s Creed&reg;: Ancient Egypt is available now as a free update!*</p>\r\n\r\n<p>Ancient Egypt, a land of majesty and intrigue, is disappearing in a ruthless fight for power. Unveil dark secrets and forgotten myths as you go back to the one founding moment: The Origins of the Assassin&rsquo;s Brotherhood.</p>\r\n\r\n<p>&nbsp;</p>\r\n\r\n<p>&nbsp;</p>\r\n\r\n<p><strong>A COUNTRY TO DISCOVER</strong></p>\r\n\r\n<p>Sail down the Nile, uncover the mysteries of the pyramids or fight your way against dangerous ancient factions and wild beasts as you explore this gigantic and unpredictable land.</p>\r\n\r\n<p>&nbsp;</p>\r\n\r\n<p><strong>A NEW STORY EVERY TIME YOU PLAY</strong></p>\r\n\r\n<p>Engage into multiple quests and gripping stories as you cross paths with strong and memorable characters, from the wealthiest high-born to the most desperate outcasts.</p>\r\n\r\n<p>&nbsp;</p>\r\n\r\n<p><strong>EMBRACE ACTION-RPG</strong></p>\r\n\r\n<p>Experience a completely new way to fight. Loot and use dozens of weapons with different characteristics and rarities. Explore deep progression mechanics and challenge your skills against unique and powerful bosses.</p>\r\n', '<p><u>MINIMUM CONFIGURATION </u></p>\r\n\r\n<p>OS: Windows 7 SP1, Windows 8.1, Windows 10 (64-bit versions only)</p>\r\n\r\n<p>PROCESSOR: Intel Core i5-2400s @ 2.5 GHz or AMD FX-6350 @ 3.9 GHz or equivalent</p>\r\n\r\n<p>VIDEO CARD: NVIDIA GeForce GTX 660 or AMD R9 270 (2048 MB VRAM with Shader Model 5.0 or better)</p>\r\n\r\n<p>SYSTEM RAM: 6GB Resolution: 720p Video Preset: Lowest</p>\r\n\r\n<p>&nbsp;</p>\r\n\r\n<p><u>RECOMMENDED CONFIGURATION </u></p>\r\n\r\n<p>OS: Windows 7 SP1, Windows 8.1, Windows 10 (64-bit versions only)</p>\r\n\r\n<p>PROCESSOR: Intel Core i7- 3770 @ 3.5 GHz or AMD FX-8350 @ 4.0 GHz</p>\r\n\r\n<p>VIDEO CARD: NVIDIA GeForce GTX 760 or AMD R9 280X (3GB VRAM with Shader Model 5.0 or better)</p>\r\n\r\n<p>SYSTEM RAM: 8GB Resolution: 1080p Video Preset: High</p>\r\n'),
(2, 'Watch Dogs 2', 280000, 'premium', '775b1a033c536762ab2330a29e05e680.jpg', '<p>Use hacking as a weapon in the massive &amp; dynamic open world of Watch Dogs 2. In 2016, ctOS 2.0, an advanced operating system networking city infrastructure, was implemented in several US cities to create a safer, more efficient metropolis. Play as Marcus Holloway, a brilliant young hacker living in the birthplace of the tech revolution, the San Francisco Bay Area.</p>\r\n\r\n<p>Team up with Dedsec, a notorious group of hackers, and expose the hidden dangers of ctOS 2.0, which, in the hands of corrupt corporations, is being wrongfully used to monitor and manipulate citizens on a massive scale. With the power of hacking and Dedsec by your side, launch the Hack of the Century, take down ctOS 2.0 and give freedom back to whom it belongs: the people. Features</p>\r\n\r\n<p>&nbsp;</p>\r\n\r\n<p><strong>WELCOME TO THE SAN FRANCISCO BAY AREA</strong></p>\r\n\r\n<p>Explore a massive and dynamic open-world offering an incredible variety of gameplay possibilities. Hack your way through traffic while you engage in dangerous car chases through the winding streets of San Francisco, traverse the rooftops of the colorful &amp; vibrant neighborhoods of Oakland, and infiltrate the cutting edge offices of Silicon Valley companies. There are many secrets to uncover in the birthplace of the tech revolution.</p>\r\n\r\n<p>&nbsp;</p>\r\n\r\n<p>&nbsp;</p>\r\n\r\n<p><strong>HACKING IS YOUR WEAPON </strong></p>\r\n\r\n<p>Hack into the city&rsquo;s infrastructure, every connected device, and everyone&rsquo;s personal database. Take control of drones, cars, cranes, security robots, and much more. Hack your enemies and bystanders alike&ndash; manipulate them in different ways to trigger unpredictable chains of events. Every person, any vehicle they might drive, any connected device they possess can be hacked.</p>\r\n\r\n<p>&nbsp;</p>\r\n\r\n<p><strong>YOU ARE IN CTRL</strong></p>\r\n\r\n<p>Use hacking and stealth to complete missions without killing a single enemy or combine hacking and your weapons for a more ferocious approach. Develop different skills to suit your playstyle, and upgrade your hacker tools &ndash; RC cars, Quadcopter drones, 3D printed weapons and much more.</p>\r\n\r\n<p>&nbsp;</p>\r\n\r\n<p><strong>SEAMLESSLY CONNECT WITH FRIENDS</strong></p>\r\n\r\n<p>Stay connected to your friends with a brand new seamless multiplayer experience that includes both Co-op and Player vs. Player activities, all available in a shared open world experience.</p>\r\n\r\n<p>&nbsp;</p>\r\n\r\n<p><strong>PUT YOUR EYES IN CTRL</strong></p>\r\n\r\n<p>Get the upper hand with Tobii Eye Tracking. Let your gaze aid you in weaponizing the &ldquo;internet of things&rdquo;, aim at enemies and take cover while you naturally explore the environment. Combine the extensive eye tracking feature set to pinpoint enemies, interact with your surroundings, locate shelter points, and rapidly select hackable targets. Let your vision lead the hacking of the city&rsquo;s digital brain.</p>\r\n', '<p><u>RECOMMENDED </u></p>\r\n\r\n<p>OS: Windows 7 SP1, Windows 8.1, Windows 10 (64bit versions only)</p>\r\n\r\n<p>PROCESSOR: Intel Core i5 3470 @ 3.2 GHz, AMD FX 8120 @ 3.9 GHz</p>\r\n\r\n<p>VIDEO CARD: NVIDIA GeForce GTX 780 | AMD Radeon R9 290, with 3GB VRAM or better - See supported List*</p>\r\n\r\n<p>SYSTEM RAM: 8 GB HARD DRIVE: 50 GB</p>\r\n\r\n<p>SOUND CARD: DirectX-compatible using the latest drivers</p>\r\n\r\n<p>DVD-ROM DRIVE: DVD-ROM Dual Layer</p>\r\n\r\n<p>DIRECT X: DirectX End-User Runtimes (June 2010) PERIPHERALS: Microsoft Xbox One Controller, DUALSHOCK&reg; 4 Controller, Windows-compatible keyboard, mouse, optional controller MULTIPLAYER: 256 kbps or faster broadband connection</p>\r\n'),
(3, 'Anno 1800', 1400000, 'premium', '19e089f59ae6c8a900a648a10fdf912f.jpg', '<p>Enhance your Anno 1800 experience with the Complete Edition including the following digital content: Anno 1800 - Full Game</p>\r\n\r\n<p>Season 2 Pass, which includes 3 upcoming DLCs:</p>\r\n\r\n<p>&bull; Seat of Power: Show off the power of your city with a prestigious palace and government departments that can boost your economy with a variety of policies.<br />\r\n&bull; Bright Harvest: Bring the wonders of mechanized farming to the countryside as you boost the efficiency of your farms with tractors and more.<br />\r\n&bull; Land of Lions: Travel to the Southern continent and join forces with an embattled Emperor to bring life to the desert using a new irrigation system. And 3 exclusive ornaments Season 1 Pass, which includes The Sunken Treasure, Botanica and The Passage DLCs</p>\r\n', '<p><u>MINIMUM </u></p>\r\n\r\n<p>Minimum specifications &ndash; 1080p Low Preset @30 FPS</p>\r\n\r\n<p>CPU: Intel i5-2500K - 3.3 Ghz, AMD FX 6350 - 3.9 Ghz GPU: Nvidia GTX 660 - 2GB, AMD Radeon R7 260X - 2GB</p>\r\n\r\n<p>RAM: 8GB Minimum specifications &ndash; 1080p Low Preset @60 FPS</p>\r\n\r\n<p>CPU: Intel i5-4460 - 3.2 Ghz, AMD Ryzen3 1200 - 3.1 Ghz</p>\r\n\r\n<p>GPU: Nvidia GTX 670 - 2GB, AMD Radeon R9 270X - 2GB</p>\r\n\r\n<p>RAM: 8GB</p>\r\n\r\n<p>&nbsp;</p>\r\n\r\n<p><u>RECOMMENDED </u></p>\r\n\r\n<p>Recommended specifications &ndash; 1080p High Preset @30 FPS</p>\r\n\r\n<p>CPU: Intel i5-4690K - 3.5 Ghz, AMD Ryzen5 1400 - 3.2 Ghz</p>\r\n\r\n<p>GPU: Nvidia GTX 770 - 4GB, AMD Radeon R9 285 - 2GB</p>\r\n\r\n<p>RAM: 8GB Recommended specifications &ndash; 1080p High Preset @60 FPS</p>\r\n\r\n<p>CPU: Intel i5-4690K - 3.5 Ghz, AMD Ryzen5 1500X - 3.5 Ghz</p>\r\n\r\n<p>GPU: Nvidia GTX 970 - 4GB, AMD Radeon R9 290X - 4GB</p>\r\n\r\n<p>RAM: 8GB</p>\r\n'),
(4, 'Assassin\'s Creed Valhalla', 700000, 'reguler', 'fb56dd309ef8b00cd6cbe609dba8dd49.jpg', '<p>Become Eivor, a legendary Viking raider on a quest for glory. Explore England&#39;s Dark Ages as you raid your enemies, grow your settlement, and build your political power.</p>\r\n\r\n<p>&bull; Lead epic Viking raids against Saxon fortresses throughout England.<br />\r\n&bull; Dual-wield powerful weapons and relive the visceral fighting style of the Vikings.<br />\r\n&bull; Challenge yourself with the most varied collection of enemies ever found in Assassin&#39;s Creed.<br />\r\n&bull; Shape the growth of your character with every choice you make and carve your path to glory.<br />\r\n&bull; Explore a Dark Age open world, from the harsh shores of Norway to the beautiful kingdoms of England.</p>\r\n\r\n<p><strong>THE GAME</strong><br />\r\n&bull; Copy of the Ultimate Edition of <strong>Assassin&rsquo;s Creed Valhalla</strong>, including the following digital content.</p>\r\n\r\n<p><strong>THE SEASON PASS</strong><br />\r\nExtend your experience with the<strong> Season Pass*</strong>:<br />\r\n&bull; Get access to epic new content, explore new lands and discover new gear.<br />\r\n&bull; Enjoy an immersive Story Mission, available at Launch.</p>\r\n\r\n<p><strong>THE ULTIMATE PACK</strong><br />\r\nStrike fear into the hearts of your enemies, dominate raids and rivers with the set of items included in the <strong>Ultimate Pack*</strong>:<br />\r\n&bull; <strong>The Berserker Gear Pack </strong>includes the Bearded Axe, the Ursine Guard Light Shield, a new skin for your Raven, the ferocious Hati Wolf Mount and the Berserker Set for Eivor.<br />\r\n&bull; <strong>The Berserker Longship Pack</strong> includes a majestic Longship which comes with a unique figurehead and a set of new sails.<br />\r\n&bull; <strong>The Berserker Settlement Pack </strong>includes new ways to customise your settlement in England.<br />\r\n&bull; <strong>A Set of Runes </strong>to sharpen the weapons or improve the gear of your choice.</p>\r\n', '<p><u>MINIMUM CONFIGURATION </u></p>\r\n\r\n<p>OS: Windows 7 SP1, Windows 8.1, Windows 10 (64-bit versions only)</p>\r\n\r\n<p>PROCESSOR: Intel Core i5-2400s @ 2.5 GHz or AMD FX-6350 @ 3.9 GHz or equivalent</p>\r\n\r\n<p>VIDEO CARD: NVIDIA GeForce GTX 660 or AMD R9 270 (2048 MB VRAM with Shader Model 5.0 or better)</p>\r\n\r\n<p>SYSTEM RAM: 6GB Resolution: 720p Video Preset: Lowest</p>\r\n\r\n<p>&nbsp;</p>\r\n\r\n<p><u>RECOMMENDED CONFIGURATION </u></p>\r\n\r\n<p>OS: Windows 7 SP1, Windows 8.1, Windows 10 (64-bit versions only)</p>\r\n\r\n<p>PROCESSOR: Intel Core i7- 3770 @ 3.5 GHz or AMD FX-8350 @ 4.0 GHz</p>\r\n\r\n<p>VIDEO CARD: NVIDIA GeForce GTX 760 or AMD R9 280X (3GB VRAM with Shader Model 5.0 or better)</p>\r\n\r\n<p>SYSTEM RAM: 8GB Resolution: 1080p Video Preset: High</p>\r\n'),
(5, 'Far Cry 5', 140000, 'reguler', '09612ac90dff1f1832c22ff677a1a90a.jpg', '<h3><span style=\"color:null\">Product Description</span></h3>\r\n\r\n<p style=\"text-align:justify\">&nbsp;</p>\r\n\r\n<p style=\"margin-left:0cm; margin-right:0cm; text-align:justify\"><span style=\"font-size:10pt\"><span style=\"font-family:\'Times New Roman\',serif\"><span style=\"font-family:\'Arial\',sans-serif\">Seventeen years after a global nuclear catastrophe, civilization re-emerges from the chaos to find a world dramatically changed. In Hope County, Montana, the remaining populace has gathered into different groups, each with their own rules for survival. </span></span></span></p>\r\n\r\n<p style=\"margin-left:0cm; margin-right:0cm; text-align:justify\">&nbsp;</p>\r\n\r\n<p style=\"margin-left:0cm; margin-right:0cm; text-align:justify\"><span style=\"font-size:10pt\"><span style=\"font-family:\'Times New Roman\',serif\"><span style=\"font-family:\'Arial\',sans-serif\">In this new world order, the vicious Highwaymen, led by twin sisters Mickey and Lou, travel from place to place bleeding people dry of all available resources. As the Survivors try to defend their lands against the </span><span style=\"font-family:\'Stratum1 Regular\',sans-serif\">Highwaymen&#39;s relentless onslaught, </span><span style=\"font-family:\'Arial\',sans-serif\">it&#39;s up to you to come to their aid and lead the fight. </span></span></span></p>\r\n\r\n<p style=\"margin-left:0cm; margin-right:0cm; text-align:justify\">&nbsp;</p>\r\n\r\n<p style=\"margin-left:0cm; margin-right:0cm; text-align:justify\"><span style=\"font-size:10pt\"><span style=\"font-family:\'Times New Roman\',serif\"><span style=\"font-family:\'Arial\',sans-serif\">In the latest installment of the award-winning Far Cry franchise,</span><span style=\"font-family:\'Stratum1 Regular\',sans-serif\"> you are the last line of defense in a transformed, post-apocalyptic Hope County. Help the community of Survivors grow stronger, craft a makeshift arsenal through Turf Wars and cross-country Expeditions, and form unexpected alliances to fight for survival in a dangerous new frontier.</span></span></span></p>\r\n\r\n<p style=\"margin-left:0cm; margin-right:0cm; text-align:justify\">&nbsp;</p>\r\n\r\n<p style=\"margin-left:0cm; margin-right:0cm; text-align:justify\">&nbsp;</p>\r\n\r\n<p style=\"margin-left:0cm; margin-right:0cm; text-align:justify\">&nbsp;</p>\r\n\r\n<p style=\"margin-left:0cm; margin-right:0cm; text-align:justify\">&nbsp;</p>\r\n\r\n<h3 style=\"margin-left:0cm; margin-right:0cm; text-align:justify\"><span style=\"color:null\">Key Features</span></h3>\r\n\r\n<p>&nbsp;</p>\r\n\r\n<p style=\"margin-left:0cm; margin-right:0cm\"><span style=\"color:null\"><span style=\"font-size:10pt\"><span style=\"font-family:\'Times New Roman\',serif\"><strong><span style=\"font-family:\'Arial\',sans-serif\">FIGHT FOR SURVIVAL IN A BREATHTAKING POST-APOCALYPTIC WORLD</span></strong></span></span></span></p>\r\n\r\n<ul>\r\n	<li><span style=\"color:null\"><span style=\"font-size:10pt\"><span style=\"font-family:\'Times New Roman\',serif\"><span style=\"font-family:\'Arial\',sans-serif\">Sprawling superbloom fields and dense overgrowth invite you into a wildly beautiful yet deadly post-apocalyptic landscape, to discover on your own or with a friend in two player co-op.</span></span></span></span></li>\r\n	<li><span style=\"color:null\"><span style=\"font-size:10pt\"><span style=\"font-family:\'Times New Roman\',serif\"><span style=\"font-family:\'Arial\',sans-serif\">Wildlife has not gone untouched by the disaster, with some predators evolving rugged natural defenses.</span></span></span></span></li>\r\n</ul>\r\n\r\n<p style=\"margin-left:0cm; margin-right:0cm\">&nbsp;</p>\r\n\r\n<p style=\"margin-left:0cm; margin-right:0cm\"><span style=\"color:null\"><span style=\"font-size:10pt\"><span style=\"font-family:\'Times New Roman\',serif\"><strong><span style=\"font-family:\'Arial\',sans-serif\">UNFORGETTABLE CHARACTERS COLLIDE WITH A RELENTLESS DOUBLE THREAT</span></strong> </span></span></span></p>\r\n\r\n<ul>\r\n	<li><span style=\"color:null\"><span style=\"font-size:10pt\"><span style=\"font-family:\'Times New Roman\',serif\"><span style=\"font-family:\'Arial\',sans-serif\">Clash with the brutal Highwaymen and their unruly leaders Mickey and Lou. Known as The Twins, these sisters combine brains and brawn to give their army an iron grip on Hope County&#39;s precious resources.</span></span></span></span></li>\r\n	<li><span style=\"color:null\"><span style=\"font-size:10pt\"><span style=\"font-family:\'Times New Roman\',serif\"><span style=\"font-family:\'Arial\',sans-serif\">Recruit an eclectic cast of Guns and Fangs for Hire to fight by your side. These new allies, as well as some familiar faces, each bring unique and critical skills to the fray.</span></span></span></span></li>\r\n	<li><span style=\"color:null\"><span style=\"font-size:10pt\"><span style=\"font-family:\'Times New Roman\',serif\"><span style=\"font-family:\'Arial\',sans-serif\">Find the former doomsday cult and seek out the charismatic leader who prophesized the collapse of civilization: Joseph Seed.</span></span></span></span></li>\r\n</ul>\r\n\r\n<p style=\"margin-left:0cm; margin-right:0cm\">&nbsp;</p>\r\n\r\n<p style=\"margin-left:0cm; margin-right:0cm\"><span style=\"color:null\"><span style=\"font-size:10pt\"><span style=\"font-family:\'Times New Roman\',serif\"><strong><span style=\"font-family:\'Arial\',sans-serif\">GROW THE SURVIVORS TO BUILD UP YOUR HOMEBASE</span></strong></span></span></span></p>\r\n\r\n<ul>\r\n	<li><span style=\"color:null\"><span style=\"font-size:10pt\"><span style=\"font-family:\'Times New Roman\',serif\"><span style=\"font-family:\'Arial\',sans-serif\">Specialists join the Survivors to help you craft</span><span style=\"font-family:\'Arial\',sans-serif\"> weapons and vehicles, train your Guns for Hire, and even go on Expeditions from the eight Homebase facilities: the workbench, training camp, explosives lab, infirmary, garage, healing garden, cartography, and expeditions. </span></span></span></span></li>\r\n	<li><span style=\"color:null\"><span style=\"font-size:10pt\"><span style=\"font-family:\'Times New Roman\',serif\"><span style=\"font-family:\'Arial\',sans-serif\">Grow your community and upgrade your Homebase to improve your facilities and unlock more powerful weapons and gear. </span></span></span></span></li>\r\n</ul>\r\n\r\n<p style=\"margin-left:36pt; margin-right:0cm\">&nbsp;</p>\r\n\r\n<p style=\"margin-left:0cm; margin-right:0cm\"><span style=\"color:null\"><span style=\"font-size:10pt\"><span style=\"font-family:\'Times New Roman\',serif\"><strong><span style=\"font-family:\'Arial\',sans-serif\">BATTLE FOR RESOURCES IN HOPE COUNTY AND BEYOND</span></strong></span></span></span></p>\r\n\r\n<ul>\r\n	<li><span style=\"color:null\"><span style=\"font-size:10pt\"><span style=\"font-family:\'Times New Roman\',serif\"><span style=\"font-family:\'Arial\',sans-serif\">Engage the Highwaymen in Turf Wars by clearing their outposts and then scavenging them for Ethanol and other materials. When the Highwaymen return with stronger reinforcements, you can take on a greater challenge for even more of these valuable resources.</span></span></span></span></li>\r\n	<li><span style=\"color:null\"><span style=\"font-size:10pt\"><span style=\"font-family:\'Times New Roman\',serif\"><span style=\"font-family:\'Arial\',sans-serif\">For the first time in Far Cry, the adventure is not just local. Venture outside of Hope County on thrilling Expeditions to unique and memorable locations across the USA including wetlands, canyons, and coastal regions.</span></span></span></span></li>\r\n	<li><span style=\"color:null\"><span style=\"font-size:10pt\"><span style=\"font-family:\'Times New Roman\',serif\"><span style=\"font-family:\'Arial\',sans-serif\">Expeditions and Outposts are different every playthrough, for rewarding missions that increase in challenge and are surprising every time. </span></span></span></span></li>\r\n</ul>\r\n', '<div class=\"requirements-min section-content\">\r\n<h3>MINIMUM&nbsp;CONFIGURATION:</h3>\r\n\r\n<ul>\r\n	<li>OPERATING SYSTEM: Windows 7 SP1, Windows 8.1, Windows 10 (64bit versions only)</li>\r\n	<li>PROCESSOR: Intel Core i5 2400 @ 3.1 GHz or AMD FX 6350 @ 3.9 GHz</li>\r\n	<li>RAM: 8GB</li>\r\n	<li>VIDEO CARD: NVIDIA GeForce GTX 670 (2GB) or AMD Radeon R9 270X (2GB) or better</li>\r\n	<li>RESOLUTION: 720p</li>\r\n	<li>VIDEO PRESET: Low</li>\r\n	<li>DIRECTX: June2010 Redistributable</li>\r\n	<li>SOUND: DirectX 9.0c compatible sound card with latest drivers</li>\r\n	<li>HARD DRIVE: 30 GB available space</li>\r\n	<li>PERIPHERALS: Windows-compatible keyboard, mouse, headset</li>\r\n</ul>\r\n\r\n<p>&nbsp;</p>\r\n</div>\r\n\r\n<h3>RECOMMENDED&nbsp;CONFIGURATION:</h3>\r\n\r\n<ul>\r\n	<li>OPERATING SYSTEM: Windows 7 SP1, Windows 8.1, Windows 10 (64bit versions only)</li>\r\n	<li>PROCESSOR: Intel Core i7-4790 @ 3.6 GHz or AMD Ryzen 5 1600 @ 3.2 GHz</li>\r\n	<li>RAM: 8GB</li>\r\n	<li>VIDEO CARD: NVIDIA GeForce GTX 970 (4GB) or AMD Radeon R9 290X (4GB) or better</li>\r\n	<li>RESOLUTION: 1080p</li>\r\n	<li>VIDEO PRESET: High</li>\r\n	<li>DIRECTX: DirectX June2010 Redistributable</li>\r\n	<li>SOUND: DirectX 9.0c compatible sound card with latest drivers</li>\r\n	<li>HARD DRIVE: 30 GB available space</li>\r\n	<li>PERIPHERALS: Windows-compatible keyboard, mouse, headset</li>\r\n</ul>\r\n'),
(6, 'NBA 2K22', 2800000, 'NBA 75th Anniversary Edition', 'b7f44c01ebd69c6387394bcad148c2cc.jpg', '<p style=\"margin-left:0cm; margin-right:0cm\"><span style=\"font-size:14px\"><span style=\"font-family:Calibri,sans-serif\"><span style=\"color:black\"><strong>A WORLD OF BASKETBALL</strong><br />\r\nNBA 2K22 puts the entire basketball universe in your hands. PLAY NOW in real NBA and WNBA environments against authentic teams and players. Build your own dream team in MyTEAM with today&rsquo;s stars and yesterday&rsquo;s legends. Live out your own pro journey in MyCAREER and experience your personal rise to the NBA. Flex your management skills as a powerful Executive in MyGM and MyLEAGUE. Anyone, anywhere can hoop in NBA 2K22.<br />\r\n<strong>STEP YOUR GAME UP</strong><br />\r\nNew tactical offense meets an overhauled defense for a more competitive and immersive NBA 2K22. Add skill-based dribbling, shooting, dunking, and alley-oops to your bag of moves, and counter them with ferocious new blocks and contests on the other end of the court.<br />\r\n<strong>ALL ABOARD THE CRUISE</strong><br />\r\nSet sail for the high seas in the all-new 2K22 Neighborhood, made for PC. Create your perfect MyPLAYER, level up for rewards, and express yourself through both your game and your style.<br />\r\n<strong>YOUR DREAM TEAM</strong><br />\r\nCollect, craft, and hoop in the ultimate NBA fantasy competition: NBA 2K22 MyTEAM. Build your dream lineup of NBA stars and legends across any era, and explore game-changing evolutions to the MyTEAM experience &ndash; each addition introduced Season after Season.<br />\r\n<strong>NEW SEASONS, NEW DISCOVERIES</strong><br />\r\nThe NBA is filled with larger-than-life superstars, all searching for the most coveted piece of gleaming hardware in the galaxy. Jayson Tatum is among the many rising stars rocketing toward the Playoffs, powering the Boston Celtics into the stratosphere and beyond with dazzling weekly performances. All year, you&rsquo;ve been blazing a trail of your own in NBA 2K22, and now it&rsquo;s time to push the limits of what&rsquo;s possible in MyCAREER, MyTEAM, and The W Online.</span></span></span></p>\r\n', '<p style=\"margin-left:0cm; margin-right:0cm\"><span style=\"font-size:14px\"><span style=\"font-family:Calibri,sans-serif\"><span style=\"color:black\"><strong>MINIMUM:</strong></span></span></span></p>\r\n\r\n<ul>\r\n	<li><span style=\"font-size:14px\">OS: Windows 7 64-bit, Windows 8.1 64-bit or Windows 10 64-bit</span></li>\r\n	<li><span style=\"font-size:14px\"><span style=\"font-family:Calibri,sans-serif\"><span style=\"color:black\">Processor: Intel&reg; Core&trade; i3-2100 @ 3.10 GHz/ AMD FX-4100 @ 3.60 GHz or better</span></span></span></li>\r\n	<li><span style=\"font-size:14px\"><span style=\"font-family:Calibri,sans-serif\"><span style=\"color:black\">Memory: 4 GB RAM</span></span></span></li>\r\n	<li><span style=\"font-size:14px\"><span style=\"font-family:Calibri,sans-serif\"><span style=\"color:black\">Graphics: NVIDIA&reg; GeForce&reg; GT 450 1GB/ ATI&reg; Radeon&trade; HD 7770 1 GB or better</span></span></span></li>\r\n	<li><span style=\"font-size:14px\"><span style=\"font-family:Calibri,sans-serif\"><span style=\"color:black\">DirectX: Version 11</span></span></span></li>\r\n	<li><span style=\"font-size:14px\"><span style=\"font-family:Calibri,sans-serif\"><span style=\"color:black\">Network: Broadband Internet connection</span></span></span></li>\r\n	<li><span style=\"font-size:14px\"><span style=\"font-family:Calibri,sans-serif\"><span style=\"color:black\">Storage: 110 GB available space</span></span></span></li>\r\n	<li><span style=\"font-size:14px\"><span style=\"font-family:Calibri,sans-serif\"><span style=\"color:black\">Sound Card: Directx 9.0x</span></span></span></li>\r\n	<li><span style=\"font-size:14px\"><span style=\"font-family:Calibri,sans-serif\"><span style=\"color:black\">Additional Notes: Dual-analog Gamepad recommended. Initial installation requires one-time internet connection for Steam authentication; software installations required (included with the game) include DirectX and Visual C++ Redistributable 2012. In order to play NBA 2K22 on PC, you need a processor capable of supporting SSE 4.2 and AVX.</span></span></span></li>\r\n</ul>\r\n\r\n<p style=\"margin-left:0cm; margin-right:0cm\"><span style=\"font-size:14px\"><span style=\"font-family:Calibri,sans-serif\"><span style=\"color:black\"><strong>RECOMMENDED:</strong></span></span></span></p>\r\n\r\n<ul>\r\n	<li><span style=\"font-size:14px\">OS: Windows 7 64-bit, Windows 8.1 64-bit or Windows 10 64-bit</span></li>\r\n	<li><span style=\"font-size:14px\"><span style=\"font-family:Calibri,sans-serif\"><span style=\"color:black\">Processor: Intel&reg; Core&trade; i5-4430 @ 3 GHz/ AMD FX-8370 @ 3.4 GHz or better</span></span></span></li>\r\n	<li><span style=\"font-size:14px\"><span style=\"font-family:Calibri,sans-serif\"><span style=\"color:black\">Memory: 8 GB RAM</span></span></span></li>\r\n	<li><span style=\"font-size:14px\"><span style=\"font-family:Calibri,sans-serif\"><span style=\"color:black\">Graphics: NVIDIA&reg; GeForce&reg; GTX 770 2GB/ ATI&reg; Radeon&trade; R9 270 2GB or better</span></span></span></li>\r\n	<li><span style=\"font-size:14px\"><span style=\"font-family:Calibri,sans-serif\"><span style=\"color:black\">DirectX: Version 11</span></span></span></li>\r\n	<li><span style=\"font-size:14px\"><span style=\"font-family:Calibri,sans-serif\"><span style=\"color:black\">Network: Broadband Internet connection</span></span></span></li>\r\n	<li><span style=\"font-size:14px\"><span style=\"font-family:Calibri,sans-serif\"><span style=\"color:black\">Storage: 110 GB available space</span></span></span></li>\r\n	<li><span style=\"font-size:14px\"><span style=\"font-family:Calibri,sans-serif\"><span style=\"color:black\">Sound Card: Directx 9.0c</span></span></span></li>\r\n	<li><span style=\"font-size:14px\"><span style=\"font-family:Calibri,sans-serif\"><span style=\"color:black\">Additional Notes: Dual-analog Gamepad recommended. Initial installation requires one-time internet connection for Steam authentication; software installations required (included with the game) include DirectX and Visual C++ Redistributable 2012. In order to play NBA 2K22 on PC, you need a processor capable of supporting SSE 4.2 and AVX.</span></span></span></li>\r\n</ul>\r\n'),
(7, 'WWE 2K22', 1000000, 'now Edition', '7cf91de2eb9d8c0e73975b034e979064.jpg', '<p style=\"margin-left:0cm; margin-right:0cm; text-align:justify\"><span style=\"font-size:14px\"><span style=\"font-family:Calibri,sans-serif\"><strong>REDESIGNED GAMEPLAY ENGINE. NEW CONTROLS. ALL THE FEATURES YOU CAN HANDLE.</strong><br />\r\nGet ripped out of the stands and hit with complete control of the WWE Universe. THE GAME THAT MAY HIT TOO REAL Hitting this hard has never been so easy. Everything from the controls to the stunning graphics has been redesigned, and feels as real as being ringside at WrestleMania.&nbsp;CONTROL WWE SUPERSTARS AND CLASSIC LEGENDSUnleash dives, kickouts, and finishers with the biggest and most realistic-looking WWE Superstars and Legends: The Rock, Sasha Banks, Goldberg, &ldquo;Stone Cold&rdquo; Steve Austin, Brock Lesnar, and more.</span></span></p>\r\n\r\n<p style=\"margin-left:0cm; margin-right:0cm; text-align:justify\"><br />\r\n<span style=\"font-size:14px\"><span style=\"font-family:Calibri,sans-serif\"><strong>619 YOUR WAY TO SUPERSTARDOM&nbsp;&nbsp;</strong></span></span></p>\r\n\r\n<p style=\"margin-left:0cm; margin-right:0cm; text-align:justify\"><span style=\"font-size:14px\"><span style=\"font-family:Calibri,sans-serif\">Celebrate pivotal moments in Rey Mysterio&rsquo;s iconic career in 2K Showcase. Booyaka!</span></span></p>\r\n\r\n<p style=\"margin-left:0cm; margin-right:0cm; text-align:justify\"><br />\r\n<span style=\"font-size:14px\"><span style=\"font-family:Calibri,sans-serif\"><strong>INTRODUCING MyGM</strong></span></span></p>\r\n\r\n<p style=\"margin-left:0cm; margin-right:0cm; text-align:justify\"><span style=\"font-size:14px\"><span style=\"font-family:Calibri,sans-serif\">&nbsp;It&rsquo;s your turn to call the shots as a WWE General Manager. Take the reins of Raw, Smackdown, NXT or NXT UK and draft your ultimate roster of WWE Superstars and Legends, then compete against rival GM&rsquo;s to build the biggest brand in the WWE Universe. Become the top-rated show by setting up intense rivalries, over-the-top match types, championship showdowns, pay-per-view events, and an ever-escalating arms race of arenas and audiences. Once you&rsquo;ve set the stage, play as a Superstar, interfere as a GM, or call the shots from behind the scenes &mdash;the choice is yours!.</span></span></p>\r\n\r\n<p style=\"margin-left:0cm; margin-right:0cm; text-align:justify\"><br />\r\n<span style=\"font-size:14px\"><span style=\"font-family:Calibri,sans-serif\"><strong>RISE UP THE RANKS THROUGH WWE&nbsp;&nbsp;</strong></span></span></p>\r\n\r\n<p style=\"margin-left:0cm; margin-right:0cm; text-align:justify\"><span style=\"font-size:14px\"><span style=\"font-family:Calibri,sans-serif\">Take on not one, but two MyRISE adventures, featuring unique male and female storylines that let you choose your journey like never before.</span></span></p>\r\n\r\n<p style=\"margin-left:0cm; margin-right:0cm; text-align:justify\"><br />\r\n<span style=\"font-size:14px\"><span style=\"font-family:Calibri,sans-serif\"><strong>BUILD FOR YOURSELF, SHARE WITH THE WORLD&nbsp;&nbsp;</strong></span></span></p>\r\n\r\n<p style=\"margin-left:0cm; margin-right:0cm; text-align:justify\"><span style=\"font-size:14px\"><span style=\"font-family:Calibri,sans-serif\">The Creation Suite is back and better than ever. Be yourself or someone else. Then step in the ring anytime, anywhere in the world.</span></span></p>\r\n\r\n<p style=\"margin-left:0cm; margin-right:0cm; text-align:justify\"><br />\r\n<span style=\"font-size:14px\"><span style=\"font-family:Calibri,sans-serif\"><strong>ASSEMBLE YOUR OWN FACTION&nbsp;</strong>&nbsp;</span></span></p>\r\n\r\n<p style=\"margin-left:0cm; margin-right:0cm; text-align:justify\"><span style=\"font-size:14px\"><span style=\"font-family:Calibri,sans-serif\">&nbsp;In a franchise-first, the all-new MyFACTION lets you build a faction that rivals the nWo. Collect, manage and upgrade WWE Superstars, with weekly events and regular updates.<br />\r\n<br />\r\n&nbsp;&nbsp;&nbsp;&nbsp;&nbsp;&nbsp;&nbsp;&nbsp;&nbsp;&nbsp;&nbsp;&nbsp;&nbsp;&nbsp;&nbsp;&nbsp;&nbsp;&nbsp;&nbsp;&nbsp;&nbsp;&nbsp;&nbsp;&nbsp;&nbsp;&nbsp;&nbsp;&nbsp;&nbsp;&nbsp;&nbsp;&nbsp;&nbsp;&nbsp;&nbsp;&nbsp;&nbsp;&nbsp;&nbsp;&nbsp;&nbsp;&nbsp;&nbsp;&nbsp;&nbsp; &nbsp;&nbsp;&nbsp;&nbsp;&nbsp;&nbsp;&nbsp;&nbsp;&nbsp;&nbsp;&nbsp;&nbsp;&nbsp;&nbsp;&nbsp;&nbsp;&nbsp;&nbsp;&nbsp;&nbsp;&nbsp;&nbsp;&nbsp;&nbsp;&nbsp;&nbsp;&nbsp;&nbsp;&nbsp;&nbsp;&nbsp;&nbsp;&nbsp;&nbsp;&nbsp;</span></span></p>\r\n', '<p style=\"margin-left:0cm; margin-right:0cm\"><span style=\"color:null\"><span style=\"font-size:14px\"><strong><span style=\"font-family:Calibri,sans-serif\">MINIMUM:</span></strong></span></span></p>\r\n\r\n<ul>\r\n	<li><span style=\"color:null\"><span style=\"font-size:14px\"><span style=\"font-family:Calibri,sans-serif\">Requires a 64-bit processor and operating system</span></span></span></li>\r\n	<li><span style=\"color:null\"><span style=\"font-size:14px\"><span style=\"font-family:Calibri,sans-serif\">OS:&nbsp;Windows 10 64-bit</span></span></span></li>\r\n	<li><span style=\"color:null\"><span style=\"font-size:14px\"><span style=\"font-family:Calibri,sans-serif\">Processor:&nbsp;Intel Core i5-3550 / AMD FX 8150 (AVX - Compatible processor)</span></span></span></li>\r\n	<li><span style=\"color:null\"><span style=\"font-size:14px\"><span style=\"font-family:Calibri,sans-serif\">Memory:&nbsp;8 GB RAM</span></span></span></li>\r\n	<li><span style=\"color:null\"><span style=\"font-size:14px\"><span style=\"font-family:Calibri,sans-serif\">Graphics:&nbsp;GeForce GTX 1060 / Radeon RX 480</span></span></span></li>\r\n	<li><span style=\"color:null\"><span style=\"font-size:14px\"><span style=\"font-family:Calibri,sans-serif\">DirectX:&nbsp;Version 12</span></span></span></li>\r\n	<li><span style=\"color:null\"><span style=\"font-size:14px\"><span style=\"font-family:Calibri,sans-serif\">Storage:&nbsp;60 GB available space</span></span></span></li>\r\n	<li><span style=\"color:null\"><span style=\"font-size:14px\"><span style=\"font-family:Calibri,sans-serif\">Sound Card:&nbsp;DirectX 9.0c compatible sound card</span></span></span></li>\r\n	<li><span style=\"color:null\"><span style=\"font-size:14px\"><span style=\"font-family:Calibri,sans-serif\">Additional Notes:&nbsp;At least 4 GB Video Memory</span></span></span></li>\r\n</ul>\r\n\r\n<p style=\"margin-left:0cm; margin-right:0cm\"><span style=\"color:null\"><span style=\"font-size:14px\"><strong><span style=\"font-family:Calibri,sans-serif\">RECOMMENDED:</span></strong></span></span></p>\r\n\r\n<ul>\r\n	<li><span style=\"color:null\"><span style=\"font-size:14px\"><span style=\"font-family:Calibri,sans-serif\">Requires a 64-bit processor and operating system</span></span></span></li>\r\n	<li><span style=\"color:null\"><span style=\"font-size:14px\"><span style=\"font-family:Calibri,sans-serif\">OS:&nbsp;Windows 10 64-bit</span></span></span></li>\r\n	<li><span style=\"color:null\"><span style=\"font-size:14px\"><span style=\"font-family:Calibri,sans-serif\">Processor:&nbsp;Intel i7-4790 / AMD FX 8350 (AVX - Compatible processor)</span></span></span></li>\r\n	<li><span style=\"color:null\"><span style=\"font-size:14px\"><span style=\"font-family:Calibri,sans-serif\">Memory:&nbsp;16 GB RAM</span></span></span></li>\r\n	<li><span style=\"color:null\"><span style=\"font-size:14px\"><span style=\"font-family:Calibri,sans-serif\">Graphics:&nbsp;GeForce GTX 1070 / Radeon RX 580</span></span></span></li>\r\n	<li><span style=\"color:null\"><span style=\"font-size:14px\"><span style=\"font-family:Calibri,sans-serif\">DirectX:&nbsp;Version 12</span></span></span></li>\r\n	<li><span style=\"color:null\"><span style=\"font-size:14px\"><span style=\"font-family:Calibri,sans-serif\">Storage:&nbsp;60 GB available space</span></span></span></li>\r\n	<li><span style=\"color:null\"><span style=\"font-size:14px\"><span style=\"font-family:Calibri,sans-serif\">Sound Card:&nbsp;DirectX 9.0c compatible sound card</span></span></span></li>\r\n	<li><span style=\"color:null\"><span style=\"font-size:14px\"><span style=\"font-family:Calibri,sans-serif\">Additional Notes:&nbsp;At least 6 GB Video Memory</span></span></span></li>\r\n</ul>\r\n'),
(8, 'MotoGP™22', 500000, 'Reguler', 'e36ebb6df576a060f091c6b0693964a2.jpg', '<p style=\"margin-left:0cm; margin-right:0cm; text-align:justify\"><span style=\"font-size:14px\"><span style=\"font-family:Calibri,sans-serif\">Engines running: let&rsquo;s get the most immersive and authentic MotoGP&trade; gaming experience ever started.</span></span></p>\r\n\r\n<p style=\"margin-left:0cm; margin-right:0cm; text-align:justify\"><strong><span style=\"font-size:14px\"><span style=\"font-family:Calibri,sans-serif\">THE ENTIRE MOTOGP&trade; WORLD</span></span></strong></p>\r\n\r\n<p style=\"margin-left:0cm; margin-right:0cm; text-align:justify\"><span style=\"font-size:14px\"><span style=\"font-family:Calibri,sans-serif\">Explore all the contents of the 2022 season in the MotoGP&trade; classes and in all the other categories.More than 120 riders, over 20 official circuits and all the excitement of the official championship are waiting for you.<br />\r\nAnd if you want to take a leap into the past, over 70 historic champions will let you relive the best of MotoGP&trade; history.</span></span></p>\r\n\r\n<p style=\"margin-left:0cm; margin-right:0cm; text-align:justify\"><strong><span style=\"font-size:14px\"><span style=\"font-family:Calibri,sans-serif\">NINE SEASON 2009</span></span></strong></p>\r\n\r\n<p style=\"margin-left:0cm; margin-right:0cm; text-align:justify\"><span style=\"font-size:14px\"><span style=\"font-family:Calibri,sans-serif\">Relive one of the most exciting championships in MotoGP&trade; history!17 Chapters, one for each Grand Prix of the 2009 season, lie ahead! Put yourself in the boots of legends such as Rossi, Lorenzo, Stoner and Pedrosa at the peak of their careers. In each episode you will face different challenges reliving firsthand the most iconic moments of the world championship.<br />\r\nAll contents will be enhanced by more than 50 minutes of real footage at the beginning of each chapter, entirely narrated and directed by the extraordinary Mark Neale.</span></span></p>\r\n\r\n<p style=\"margin-left:0cm; margin-right:0cm; text-align:justify\"><strong><span style=\"font-size:14px\"><span style=\"font-family:Calibri,sans-serif\">WHERE CHAMPIONS ARE MADE</span></span></strong></p>\r\n\r\n<p style=\"margin-left:0cm; margin-right:0cm; text-align:justify\"><span style=\"font-size:14px\"><span style=\"font-family:Calibri,sans-serif\">Enter the MotoGP&trade; ACADEMY to reveal the champion in you: through new game challenges you will learn all the tricks of the trade to be the fastest on every track.<br />\r\nBecome the rider you&#39;ve always wanted to be with new tutorials that will help you improve quickly through short gameplay sessions.</span></span></p>\r\n\r\n<p style=\"margin-left:0cm; margin-right:0cm; text-align:justify\"><span style=\"font-size:14px\"><strong><span style=\"font-family:Calibri,sans-serif\">ENJOY THE MOST REALISTIC GAMING EXPERIENCE AND CUSTOMIZE YOUR RACE</span></strong></span></p>\r\n\r\n<p style=\"margin-left:0cm; margin-right:0cm; text-align:justify\"><span style=\"font-size:14px\"><span style=\"font-family:Calibri,sans-serif\">Dive into the most realistic and immersive MotoGP&trade; experience ever!From the faces of your heroes to the restyling of the official pits, attention has been given to every detail like never before!<br />\r\nCreate your world in the MotoGP&trade; videogame and ride with even more style. By using 5 graphic editors, you will be able to customise every look of the game, from the liveries to the riders&rsquo; suits.</span></span></p>\r\n\r\n<p style=\"margin-left:0cm; margin-right:0cm; text-align:justify\"><strong><span style=\"font-size:14px\"><span style=\"font-family:Calibri,sans-serif\">PLAN YOUR SUCCESS WITH THE MANAGERIAL CAREER!</span></span></strong></p>\r\n\r\n<p style=\"margin-left:0cm; margin-right:0cm; text-align:justify\"><span style=\"font-size:14px\"><span style=\"font-family:Calibri,sans-serif\">Create your own team or join an official one. Choose your staff and develop your bike improving engine, frame, aerodynamics, and electronics: take full control of your gaming experience!<br />\r\nCreate a junior team in Moto2&trade; and Moto3&trade;: hire a team manager, technical director and a rider to achieve new goals.</span></span></p>\r\n\r\n<p style=\"margin-left:0cm; margin-right:0cm; text-align:justify\"><strong><span style=\"font-size:14px\"><span style=\"font-family:Calibri,sans-serif\">NEW MULTIPLAYER MODE</span></span></strong></p>\r\n\r\n<p style=\"margin-left:0cm; margin-right:0cm; text-align:justify\"><span style=\"font-size:14px\">For the first time in the franchise, you will be able to challenge your friends in split-screen mode. Don&#39;t miss this chance!</span></p>\r\n', '<p style=\"margin-left:0cm; margin-right:0cm\"><span style=\"font-size:14px\"><strong><span style=\"font-family:Calibri,sans-serif\">MINIMUM:</span></strong></span></p>\r\n\r\n<ul>\r\n	<li><span style=\"font-size:14px\"><span style=\"font-family:Calibri,sans-serif\">Requires a 64-bit processor and operating system</span></span></li>\r\n	<li><span style=\"font-size:14px\"><span style=\"font-family:Calibri,sans-serif\">OS:&nbsp;Windows 8.1 64-Bit or later</span></span></li>\r\n	<li><span style=\"font-size:14px\"><span style=\"font-family:Calibri,sans-serif\">Processor:&nbsp;Intel Core i3-4160 (2 * 3600) - AMD FX-4350 (4 * 4200) or equivalent</span></span></li>\r\n	<li><span style=\"font-size:14px\"><span style=\"font-family:Calibri,sans-serif\">Memory:&nbsp;8 GB RAM</span></span></li>\r\n	<li><span style=\"font-size:14px\"><span style=\"font-family:Calibri,sans-serif\">Graphics:&nbsp;GeForce GT 640 (2048 VRAM) - Radeon R7 250 (2048 VRAM) or equivalent</span></span></li>\r\n	<li><span style=\"font-size:14px\"><span style=\"font-family:Calibri,sans-serif\">DirectX:&nbsp;Version 11</span></span></li>\r\n	<li><span style=\"font-size:14px\"><span style=\"font-family:Calibri,sans-serif\">Storage:&nbsp;30 GB available space</span></span></li>\r\n</ul>\r\n\r\n<p style=\"margin-left:0cm; margin-right:0cm\"><span style=\"font-size:14px\"><strong><span style=\"font-family:Calibri,sans-serif\">RECOMMENDED:</span></strong></span></p>\r\n\r\n<ul>\r\n	<li><span style=\"font-size:14px\"><span style=\"font-family:Calibri,sans-serif\">Requires a 64-bit processor and operating system</span></span></li>\r\n	<li><span style=\"font-size:14px\"><span style=\"font-family:Calibri,sans-serif\">OS:&nbsp;Windows 8.1 64-Bit or later</span></span></li>\r\n	<li><span style=\"font-size:14px\"><span style=\"font-family:Calibri,sans-serif\">Processor:&nbsp;Intel Core i5-7600K (4 * 3800) - AMD FX-9590 (8 * 4700) or equivalent</span></span></li>\r\n	<li><span style=\"font-size:14px\"><span style=\"font-family:Calibri,sans-serif\">Memory:&nbsp;8 GB RAM</span></span></li>\r\n	<li><span style=\"font-size:14px\"><span style=\"font-family:Calibri,sans-serif\">Graphics:&nbsp;GeForce GTX 1050 Ti (4096 VRAM) - Radeon RX 580 (8192 VRAM) or equivalent</span></span></li>\r\n	<li><span style=\"font-size:14px\"><span style=\"font-family:Calibri,sans-serif\">DirectX:&nbsp;Version 11</span></span></li>\r\n	<li><span style=\"font-size:14px\"><span style=\"font-family:Calibri,sans-serif\">Storage:&nbsp;30 GB available space</span></span></li>\r\n</ul>\r\n'),
(9, 'Tom Clancy\'s Rainbow Six Siege  ', 300000, 'Reguler', 'c64d5e8c1dad1bde66910a3ea1c85ab3.jpg', '<p style=\"margin-left:0cm; margin-right:0cm\"><span style=\"font-size:14px\"><span style=\"font-family:Calibri,sans-serif\">Master the art of destruction and gadgetry in Tom Clancy&rsquo;s Rainbow Six Siege. Face intense close quarters combat, high lethality, tactical decision making, team play and explosive action within every moment. Experience a new era of fierce firefights and expert strategy born from the rich legacy of past Tom Clancy&#39;s Rainbow Six games.</span></span></p>\r\n\r\n<p><span style=\"font-size:14px\"><strong>CLOSE QUARTERS COMBAT</strong><br />\r\nEngage in a brand-new style of assault using an unrivaled level of destruction and gadgetry.<br />\r\nOn defense, coordinate with your team to transform your environments into strongholds. Trap, fortify and create defensive systems to prevent being breached by the enemy.<br />\r\nOn attack, lead your team through narrow corridors, barricaded doorways and reinforced walls. Combine tactical maps, observation drones, rappelling and more to&nbsp;&nbsp;plan, attack and defuse every situation.</span></p>\r\n\r\n<p style=\"margin-left:0cm; margin-right:0cm\"><span style=\"font-size:14px\"><span style=\"font-family:Calibri,sans-serif\"><strong>TOOLS OF DESTRUCTION</strong><br />\r\nChoose from dozens of highly trained, Special Forces operators from around the world. Deploy the latest technology to track enemy movement. Shatter walls to open new lines of fire. Breach ceilings and floors to create new access points. Employ every weapon and gadget from your deadly arsenal to locate, manipulate and destroy your enemies and the environment around them.</span></span></p>\r\n\r\n<p style=\"margin-left:0cm; margin-right:0cm\"><span style=\"font-size:14px\"><span style=\"font-family:Calibri,sans-serif\"><strong>ALWAYS EVOLVING</strong><br />\r\nExperience new strategies and tactics as Rainbow Six Siege evolves over time. Change the rules of Siege with every update that includes new operators, weapons, gadgets and maps. Evolve alongside the ever-changing landscape with your friends and become the most experienced and dangerous operators out there.</span></span></p>\r\n\r\n<p><span style=\"font-size:14px\"><strong>HIGHLY COMPETITIVE</strong><br />\r\nCompete against others from around the world in ranked match play. Grab your best squad and join the competitive community in weekly tournaments or watch the best professional teams battle it out in the Rainbow Six Siege Pro League.</span></p>\r\n', '<p style=\"margin-left:0cm; margin-right:0cm\"><span style=\"font-size:14px\"><span style=\"font-family:Calibri,sans-serif\">for this game on our support website:&nbsp;<a href=\"https://steamcommunity.com/linkfilter/?url=http://support.ubi.com\" target=\"_blank\">http://support.ubi.com</a>. Game contains FairFight&nbsp;<a href=\"https://steamcommunity.com/linkfilter/?url=http://(https://www.gameblocks.com/products)\" target=\"_blank\">(https://www.gameblocks.com/products)</a>&nbsp;and BattleEye&nbsp;<a href=\"https://steamcommunity.com/linkfilter/?url=http://(https://www.battleye.com/)\" target=\"_blank\">(https://www.battleye.com/)</a>&nbsp;anti-cheat technology.</span></span></p>\r\n\r\n<p style=\"margin-left:0cm; margin-right:0cm\"><span style=\"font-size:14px\"><strong><span style=\"font-family:Calibri,sans-serif\">RECOMMENDED:</span></strong></span></p>\r\n\r\n<ul>\r\n	<li><span style=\"font-size:14px\"><span style=\"font-family:Calibri,sans-serif\">OS:&nbsp;Windows 7 SP1, Windows 8.1, Windows 10 (64bit versions required)</span></span></li>\r\n	<li><span style=\"font-size:14px\"><span style=\"font-family:Calibri,sans-serif\">Processor:&nbsp;Intel Core i5-2500K @ 3.3 GHz or better or AMD FX-8120 @ 3.1 Ghz or better</span></span></li>\r\n	<li><span style=\"font-size:14px\"><span style=\"font-family:Calibri,sans-serif\">Memory:&nbsp;8 GB RAM</span></span></li>\r\n	<li><span style=\"font-size:14px\"><span style=\"font-family:Calibri,sans-serif\">Graphics:&nbsp;NVIDIA GeForce GTX 670 (or GTX 760 / GTX 960) or AMD Radeon HD 7970 (or R9 280x [2GB VRAM] / R9 380 / Fury X)</span></span></li>\r\n	<li><span style=\"font-size:14px\"><span style=\"font-family:Calibri,sans-serif\">Network:&nbsp;Broadband Internet connection</span></span></li>\r\n	<li><span style=\"font-size:14px\"><span style=\"font-family:Calibri,sans-serif\">Storage:&nbsp;61 GB available space</span></span></li>\r\n	<li><span style=\"font-size:14px\"><span style=\"font-family:Calibri,sans-serif\">Sound Card:&nbsp;DirectX&reg; 9.0c compatible sound card 5.1 with latest drivers</span></span></li>\r\n	<li><span style=\"font-size:14px\"><span style=\"font-family:Calibri,sans-serif\">Additional Notes:&nbsp;SUPPORTED VIDEO CARDS AT TIME OF RELEASE: GeForce GTX 460 or better, GTX 560 or better, GTX 650 or better, GTX 750 or better, or any card from the GT900 and Titan Series, Radeon HD5870 or better, HD6870 or better, HD7770 or better, R7 260X or better, or any card from the R-300 series and Fury X. Laptop models of these cards may work but are not supported. These chipsets are the only ones that will run this game. Additional chipsets may be supported after release. For an up-to-date list of supported chipsets, please visit the FAQ for this game on our support website:&nbsp;<a href=\"https://steamcommunity.com/linkfilter/?url=http://support.ubi.com\" target=\"_blank\">http://support.ubi.com</a>. Game contains FairFight&nbsp;<a href=\"https://steamcommunity.com/linkfilter/?url=http://(https://www.gameblocks.com/products)\" target=\"_blank\">(https://www.gameblocks.com/products)</a>&nbsp;and BattleEye&nbsp;<a href=\"https://steamcommunity.com/linkfilter/?url=http://(https://www.battleye.com/)\" target=\"_blank\">(https://www.battleye.com/)</a>&nbsp;anti-cheat technology.</span></span></li>\r\n</ul>\r\n');
INSERT INTO `products` (`id`, `name`, `price`, `edition`, `image`, `description`, `requirements`) VALUES
(10, 'Squad', 200000, 'Reguler', '0f175007da3183fec363396292d34f9d.jpg', '<p style=\"margin-left:0cm; margin-right:0cm; text-align:justify\"><strong><span style=\"font-size:14px\"><span style=\"font-family:Calibri,sans-serif\">New in Update 2.15 - Australia Joins The Fight!</span></span></strong></p>\r\n\r\n<p style=\"text-align:justify\"><span style=\"font-size:14px\">The latest free update for Squad brings the Australian Army to the battle as our eighth faction. This light infantry focused faction has a Bullpup primary build and a unique Combat Engineer split to offer players expanded options on the field. This new faction gives Squad players access to a blend of new, existing USA/GB/CAF equipment, and modified assets including 9 vehicles, 16 pieces of weapons and infantry gear, and a new F/A-&nbsp; &nbsp;18 Rocket Strike Commander asset. Alongside the new Australian faction comes 3 new deployables and new camouflage netting improvements that help conceal soldiers using the Forward Operating Base for cover.</span></p>\r\n\r\n<p style=\"margin-left:0cm; margin-right:0cm; text-align:justify\"><span style=\"font-size:14px\"><span style=\"font-family:Calibri,sans-serif\">Squad is a&nbsp;<strong>large-scale combined arms</strong>&nbsp;multiplayer first-person shooter emphasizing combat realism through communication, team play, emphasizing strong squad cohesion mechanics as well as&nbsp;<strong>larger-scale coordination, tactics, and planning</strong>.<br />\r\n<br />\r\nIt features&nbsp;<strong>20 massive maps</strong>, vehicle-based&nbsp;<strong>combined arms</strong>&nbsp;gameplay, and&nbsp;<strong>player-constructed bases</strong>&nbsp;to create a heart-thumping, visceral gaming experience with split-second decision-making in real-world scale firefights.</span></span></p>\r\n\r\n<p style=\"margin-left:0cm; margin-right:0cm; text-align:justify\"><strong><span style=\"font-size:14px\"><span style=\"font-family:Calibri,sans-serif\">50 versus 50</span></span></strong></p>\r\n\r\n<p style=\"margin-left:0cm; margin-right:0cm; text-align:justify\"><span style=\"font-size:14px\"><span style=\"font-family:Calibri,sans-serif\">Pitting several conventional and unconventional factions against each other, Squad aims to create authentic combat experiences utilizing a sense of being a part of something greater than yourself. Pick a side and become a member of a nine-man squad with your team to face off against 50 other players in intense, large combat environments. Squad features the US Army, Russian Ground Forces, British Army, Canadian Armed Forces, Australian Army, the Middle Eastern Alliance, and Irregular Militia and Insurgents with their own unique arsenals.</span></span></p>\r\n\r\n<p style=\"margin-left:0cm; margin-right:0cm; text-align:justify\"><strong><span style=\"font-size:14px\"><span style=\"font-family:Calibri,sans-serif\">Building System</span></span></strong></p>\r\n\r\n<p style=\"margin-left:0cm; margin-right:0cm; text-align:justify\"><span style=\"font-size:14px\"><span style=\"font-family:Calibri,sans-serif\">Do you hear the sound of rumbling and grinding gears? Do you fear the inevitability of your short life at the end of a T-72 Main Battle Tank barrel? Get your Squad Leader to place down an anti-tank guided missile system and remove that pesky tank from the battlefield. In Squad, we provide numerous methods to adapt to the ever-changing needs of the battlespace. Place down emplacements like HMGs and AT guns, or build up a fortified position with sandbags, HESCOs, and razor wire.</span></span></p>\r\n\r\n<p style=\"margin-left:0cm; margin-right:0cm; text-align:justify\"><strong><span style=\"font-size:14px\"><span style=\"font-family:Calibri,sans-serif\">Communication</span></span></strong></p>\r\n\r\n<p style=\"margin-left:0cm; margin-right:0cm; text-align:justify\"><span style=\"font-size:14px\"><span style=\"font-family:Calibri,sans-serif\">The pinnacle of the Squad experience, communication is a soldier&#39;s best tool in effectively engaging the enemy. To help facilitate navigating the complexity of communication on the battlefield, we provide a world-class in-game VoIP system that allows you to talk to other soldiers locally, internally in your squad, between squad leaders, or squad leaders to the Commander. Also, we provide a plethora of other tools that fire team leaders and squad leaders may use to inform their squads and teams, such as map tools<span style=\"background-color:#1b2838\"><span style=\"color:#acb2b8\">.</span></span></span></span></p>\r\n', '<p style=\"margin-left:0cm; margin-right:0cm; text-align:justify\"><span style=\"font-size:14px\"><strong><span style=\"font-family:Calibri,sans-serif\">MINIMUM:</span></strong></span></p>\r\n\r\n<ul>\r\n	<li style=\"text-align:justify\"><span style=\"font-size:14px\"><span style=\"font-family:Calibri,sans-serif\">Requires a 64-bit processor and operating system</span></span></li>\r\n	<li style=\"text-align:justify\"><span style=\"font-size:14px\"><span style=\"font-family:Calibri,sans-serif\">OS:&nbsp;Windows 10 (x64)</span></span></li>\r\n	<li style=\"text-align:justify\"><span style=\"font-size:14px\"><span style=\"font-family:Calibri,sans-serif\">Processor:&nbsp;Intel Core i or AMD Ryzen with 4 physical cores</span></span></li>\r\n	<li style=\"text-align:justify\"><span style=\"font-size:14px\"><span style=\"font-family:Calibri,sans-serif\">Memory:&nbsp;8 GB RAM</span></span></li>\r\n	<li style=\"text-align:justify\"><span style=\"font-size:14px\"><span style=\"font-family:Calibri,sans-serif\">Graphics:&nbsp;Geforce GTX 770 or AMD Radeon HD 7970 with at least 4 GB of VRAM</span></span></li>\r\n	<li style=\"text-align:justify\"><span style=\"font-size:14px\"><span style=\"font-family:Calibri,sans-serif\">DirectX:&nbsp;Version 11</span></span></li>\r\n	<li style=\"text-align:justify\"><span style=\"font-size:14px\"><span style=\"font-family:Calibri,sans-serif\">Network:&nbsp;Broadband Internet connection</span></span></li>\r\n	<li style=\"text-align:justify\"><span style=\"font-size:14px\"><span style=\"font-family:Calibri,sans-serif\">Storage:&nbsp;65 GB available space</span></span></li>\r\n	<li style=\"text-align:justify\"><span style=\"font-size:14px\"><span style=\"font-family:Calibri,sans-serif\">Additional Notes:&nbsp;A teamwork oriented mindset</span></span></li>\r\n</ul>\r\n\r\n<p style=\"margin-left:0cm; margin-right:0cm; text-align:justify\"><span style=\"font-size:14px\"><strong><span style=\"font-family:Calibri,sans-serif\">RECOMMENDED:</span></strong></span></p>\r\n\r\n<ul>\r\n	<li style=\"text-align:justify\"><span style=\"font-size:14px\"><span style=\"font-family:Calibri,sans-serif\">Requires a 64-bit processor and operating system</span></span></li>\r\n	<li style=\"text-align:justify\"><span style=\"font-size:14px\"><span style=\"font-family:Calibri,sans-serif\">OS:&nbsp;Windows 10 (x64)</span></span></li>\r\n	<li style=\"text-align:justify\"><span style=\"font-size:14px\"><span style=\"font-family:Calibri,sans-serif\">Processor:&nbsp;Intel Core i or AMD Ryzen with 6 physical cores</span></span></li>\r\n	<li style=\"text-align:justify\"><span style=\"font-size:14px\"><span style=\"font-family:Calibri,sans-serif\">Memory:&nbsp;16 GB RAM</span></span></li>\r\n	<li style=\"text-align:justify\"><span style=\"font-size:14px\"><span style=\"font-family:Calibri,sans-serif\">Graphics:&nbsp;Nvidia GTX 1060 or AMD Radeon 570 with at least 6GB of VRAM</span></span></li>\r\n	<li style=\"text-align:justify\"><span style=\"font-size:14px\"><span style=\"font-family:Calibri,sans-serif\">DirectX:&nbsp;Version 12</span></span></li>\r\n	<li style=\"text-align:justify\"><span style=\"font-size:14px\"><span style=\"font-family:Calibri,sans-serif\">Network:&nbsp;Broadband Internet connection</span></span></li>\r\n	<li style=\"text-align:justify\"><span style=\"font-size:14px\"><span style=\"font-family:Calibri,sans-serif\">Storage:&nbsp;65 GB available space</span></span></li>\r\n	<li style=\"text-align:justify\"><span style=\"font-size:14px\"><span style=\"font-family:Calibri,sans-serif\">Additional Notes:&nbsp;A microphone</span></span></li>\r\n</ul>\r\n'),
(11, 'LEGO® Star Wars™: The Skywalker Saga', 750000, 'Deluxe Edition', '6a60d20a0ec16727c2e4e887091853d0.jpg', '<p style=\"text-align:justify\"><span style=\"font-size:14px\">The galaxy is yours in LEGO&reg; Star Wars&trade;: The Skywalker Saga. Experience memorable moments and nonstop action from all nine Skywalker saga films reimagined with signature LEGO humor.</span></p>\r\n\r\n<ul>\r\n	<li style=\"text-align:justify\">The digital edition includes an exclusive classic Obi-Wan Kenobi playable character.</li>\r\n	<li style=\"text-align:justify\"><span style=\"font-size:14px\">Explore the Trilogies in Any Order &ndash; Players will relive the epic story of all nine films in the Skywalker Saga, and it all starts with picking the trilogy of their choice to begin the journey.</span></li>\r\n	<li style=\"text-align:justify\"><span style=\"font-size:14px\">Play as Iconic Heroes and Villains &ndash;More than 300 playable characters from throughout the galaxy.</span></li>\r\n	<li style=\"text-align:justify\"><span style=\"font-size:14px\">Discover Legendary Locales &ndash; Players can visit well known locales from their favorite Skywalker saga films .They can unlock and have the freedom to seamlessly travel to 23 planets as they play through the saga or explore and discover exciting quests.</span></li>\r\n	<li style=\"text-align:justify\"><span style=\"font-size:14px\">Command Powerful Vehicles &ndash; More than 100 vehicles from across the galaxy to command. Join dogfights and defeat capital ships like the Super Star Destroyer that can be boarded and explored.</span></li>\r\n	<li style=\"text-align:justify\"><span style=\"font-size:14px\">Immersive Player Experiences &ndash; String attacks together to form combo chains and fend off oncoming attacks. New blaster controls and mechanics allow players to aim with precision, or utilize the skills of a Jedi by wielding a lightsaber and using the power of The Force.</span><br />\r\n	&nbsp;</li>\r\n	<li style=\"text-align:justify\"><span style=\"font-size:14px\">Upgradable Character Abilities &ndash; Exploration rewards players as they uncover Kyber Bricks which unlock new features and upgraded abilities across a range of character classes, including Jedi, Hero, Dark Side, Villain, Scavenger, Scoundrel, Bounty Hunter, Astromech Droid, and Protocol Droid.</span></li>\r\n</ul>\r\n', '<p style=\"margin-left:0cm; margin-right:0cm\"><span style=\"font-size:14px\"><strong><span style=\"font-family:Calibri,sans-serif\">MINIMUM:</span></strong></span></p>\r\n\r\n<ul>\r\n	<li><span style=\"font-size:14px\"><span style=\"font-family:Calibri,sans-serif\">Requires a 64-bit processor and operating system</span></span></li>\r\n	<li><span style=\"font-size:14px\"><span style=\"font-family:Calibri,sans-serif\">OS:&nbsp;Windows 10 64-bit</span></span></li>\r\n	<li><span style=\"font-size:14px\"><span style=\"font-family:Calibri,sans-serif\">Processor:&nbsp;Intel Core i5-2400 or AMD Ryzen 3 1200</span></span></li>\r\n	<li><span style=\"font-size:14px\"><span style=\"font-family:Calibri,sans-serif\">Memory:&nbsp;8 GB RAM</span></span></li>\r\n	<li><span style=\"font-size:14px\"><span style=\"font-family:Calibri,sans-serif\">Graphics:&nbsp;GeForce GTX 750 Ti or Radeon HD 7850</span></span></li>\r\n	<li><span style=\"font-size:14px\"><span style=\"font-family:Calibri,sans-serif\">DirectX:&nbsp;Version 11</span></span></li>\r\n	<li><span style=\"font-size:14px\"><span style=\"font-family:Calibri,sans-serif\">Storage:&nbsp;40 GB available space</span></span></li>\r\n</ul>\r\n\r\n<p style=\"margin-left:0cm; margin-right:0cm\"><span style=\"font-size:14px\"><strong><span style=\"font-family:Calibri,sans-serif\">RECOMMENDED:</span></strong></span></p>\r\n\r\n<ul>\r\n	<li><span style=\"font-size:14px\"><span style=\"font-family:Calibri,sans-serif\">Requires a 64-bit processor and operating system</span></span></li>\r\n	<li><span style=\"font-size:14px\"><span style=\"font-family:Calibri,sans-serif\">OS:&nbsp;Windows 10 64-bit</span></span></li>\r\n	<li><span style=\"font-size:14px\"><span style=\"font-family:Calibri,sans-serif\">Processor:&nbsp;Intel Core i5-6600 or AMD Ryzen 3 3100</span></span></li>\r\n	<li><span style=\"font-size:14px\"><span style=\"font-family:Calibri,sans-serif\">Memory:&nbsp;8 GB RAM</span></span></li>\r\n	<li><span style=\"font-size:14px\"><span style=\"font-family:Calibri,sans-serif\">Graphics:&nbsp;GeForce GTX 780 or Radeon R9 290</span></span></li>\r\n	<li><span style=\"font-size:14px\"><span style=\"font-family:Calibri,sans-serif\">DirectX:&nbsp;Version 11</span></span></li>\r\n	<li><span style=\"font-size:14px\"><span style=\"font-family:Calibri,sans-serif\">Storage:&nbsp;40 GB available space</span></span></li>\r\n</ul>\r\n'),
(12, 'Forza Horizon 5', 900000, 'Deluxe Edition', '37158da5bc4d95a2cb887413d9b9113f.jpg', '<p style=\"margin-left:0cm; margin-right:0cm; text-align:justify\"><span style=\"font-size:14px\"><span style=\"font-family:Calibri,sans-serif\">Your Ultimate Horizon Adventure awaits! Explore the vibrant and ever-evolving open world landscapes of Mexico with limitless, fun driving action in hundreds of the world&rsquo;s greatest cars.</span><br />\r\n<span style=\"font-family:Calibri,sans-serif\"><strong>This is Your Horizon Adventure</strong><br />\r\nLead breathtaking expeditions across the vibrant and ever-evolving open world landscapes of Mexico with limitless, fun driving action in hundreds of the world&rsquo;s greatest cars.</span><br />\r\n<span style=\"font-family:Calibri,sans-serif\"><strong>This is a Diverse Open World</strong><br />\r\nExplore a world of striking contrast and beauty. Discover living deserts, lush jungles, historic cities, hidden ruins, pristine beaches, vast canyons and a towering snow-capped volcano.</span><br />\r\n<span style=\"font-family:Calibri,sans-serif\"><strong>This is an Adventurous Open World</strong><br />\r\nImmerse yourself in a deep campaign with hundreds of challenges that reward you for engaging in the activities you love. Meet new characters and choose the outcomes of their Horizon Story missions.</span><br />\r\n<span style=\"font-family:Calibri,sans-serif\"><strong>This is an Evolving Open World</strong><br />\r\nTake on awe-inspiring weather events such as towering dust storms and intense tropical storms as Mexico&rsquo;s unique, dynamic seasons change the world every week. Keep coming back for new events, challenges, collectibles, and rewards, and new areas to explore. No two seasons will ever be the same.</span><br />\r\n<span style=\"font-family:Calibri,sans-serif\"><strong>This is a Social Open World</strong><br />\r\nTeam up with other players and enter the Horizon Arcade for a continuing series of fun, over-the-top challenges that keep you and your friends in the action and having fun with no menus, loading screens or lobbies. Meet new friends in Horizon Open and Tours and share your creations with new community gift sharing.</span><br />\r\n<strong>This is Your Open World</strong><br />\r\nCreate your own expressions of fun with the powerful new EventLab gameplay toolset including custom races, challenges, stunts, and entirely new game modes. Customize your cars in more ways than ever before with new options such as the ability open and close convertible tops, paint brake calipers, and more. Use the new Gift Drops feature to share your custom creations with the community.</span></p>\r\n', '<p style=\"margin-left:0cm; margin-right:0cm\"><span style=\"font-size:14px\"><strong><span style=\"font-family:Calibri,sans-serif\">MINIMUM:</span></strong></span></p>\r\n\r\n<ul>\r\n	<li><span style=\"font-size:14px\"><span style=\"font-family:Calibri,sans-serif\">Requires a 64-bit processor and operating system</span></span></li>\r\n	<li><span style=\"font-size:14px\"><span style=\"font-family:Calibri,sans-serif\">OS:&nbsp;Windows 10 version 15063.0 or higher</span></span></li>\r\n	<li><span style=\"font-size:14px\"><span style=\"font-family:Calibri,sans-serif\">Processor:&nbsp;Intel i5-4460 or AMD Ryzen 3 1200</span></span></li>\r\n	<li><span style=\"font-size:14px\"><span style=\"font-family:Calibri,sans-serif\">Memory:&nbsp;8 GB RAM</span></span></li>\r\n	<li><span style=\"font-size:14px\"><span style=\"font-family:Calibri,sans-serif\">Graphics:&nbsp;NVidia GTX 970 OR AMD RX 470</span></span></li>\r\n	<li><span style=\"font-size:14px\"><span style=\"font-family:Calibri,sans-serif\">DirectX:&nbsp;Version 12</span></span></li>\r\n	<li><span style=\"font-size:14px\"><span style=\"font-family:Calibri,sans-serif\">Network:&nbsp;Broadband Internet connection</span></span></li>\r\n	<li><span style=\"font-size:14px\"><span style=\"font-family:Calibri,sans-serif\">Storage:&nbsp;110 GB available space</span></span></li>\r\n</ul>\r\n\r\n<p style=\"margin-left:0cm; margin-right:0cm\"><span style=\"font-size:14px\"><strong><span style=\"font-family:Calibri,sans-serif\">RECOMMENDED:</span></strong></span></p>\r\n\r\n<ul>\r\n	<li><span style=\"font-size:14px\"><span style=\"font-family:Calibri,sans-serif\">Requires a 64-bit processor and operating system</span></span></li>\r\n	<li><span style=\"font-size:14px\"><span style=\"font-family:Calibri,sans-serif\">OS:&nbsp;Windows 10 version 15063.0 or higher</span></span></li>\r\n	<li><span style=\"font-size:14px\"><span style=\"font-family:Calibri,sans-serif\">Processor:&nbsp;Intel i5-8400 or AMD Ryzen 5 1500X</span></span></li>\r\n	<li><span style=\"font-size:14px\"><span style=\"font-family:Calibri,sans-serif\">Memory:&nbsp;16 GB RAM</span></span></li>\r\n	<li><span style=\"font-size:14px\"><span style=\"font-family:Calibri,sans-serif\">Graphics:&nbsp;NVidia GTX 1070 OR AMD RX 590</span></span></li>\r\n	<li><span style=\"font-size:14px\"><span style=\"font-family:Calibri,sans-serif\">DirectX:&nbsp;Version 12</span></span></li>\r\n	<li><span style=\"font-size:14px\"><span style=\"font-family:Calibri,sans-serif\">Network:&nbsp;Broadband Internet connection</span></span></li>\r\n	<li><span style=\"font-size:14px\"><span style=\"font-family:Calibri,sans-serif\">Storage:&nbsp;110 GB available space</span></span></li>\r\n</ul>\r\n'),
(13, 'Out of the Park Baseball 23', 150000, 'Reguler', 'e967d84ce6b708b66432029f3ef1ecbb.jpg', '<p style=\"text-align:justify\"><span style=\"font-size:14px\">Out of the Park Baseball 23 - the 23rd version of the award-winning sports strategy franchise - is a baseball strategy powerhouse. Loaded with powerful new 3D visuals, all-new customization options, and - for the first time ever! - in-game tutorials guiding you through its incredible depth, it appeals to series rookies and veterans alike. Featuring unmatched authenticity licensed by MLB and the MLBPA and a bevy of offline and online gameplay options, Out of the Park Baseball 23 builds on the series&rsquo; rich tradition as an unparalleled experience.<br />\r\n&ldquo;OOTP is an astonishing accomplishment!&rdquo; - Boston Red Sox Principal Owner John W. Henry<br />\r\nOut of the Park Baseball 23 is built upon the foundation of a series that has twice won Metacritic&rsquo;s PC Game of the Year - the only game to ever do that!<br />\r\nIf it happens in real baseball, it happens in Out of the Park Baseball! Discover new talent, draft the next superstar, negotiate with free agents, enter trade talks with other teams, build your dynasty and guide a franchise into an infinite future! As a manager, dive into the more hands-on management and set your team&#39;s lineups, pitching staffs, in-game strategy and call the shots from the dugout. You can oversee your league at a high level, or play out each game in the gorgeous 3D game mode, managing play by play or even pitch by pitch. OOTP has it all covered!<br />\r\nOOTP 23 comes with accurate 2022 MLB, MiLB, and KBO rosters featuring ultra-realistic player ratings, schedules, and league rules. Plus, all historical MLB seasons (1871-2021, including full historical minor leagues) and dozens of international pro and independent baseball leagues from around the world, featuring accurate 2022 rosters and player ratings. You can even create your very own fictional baseball universe with fictional teams and players, the possibilities are endless. The Infinite Baseball Sandbox!<br />\r\n<br />\r\nNew features in OOTP 23 include:</span></p>\r\n\r\n<ul>\r\n	<li style=\"text-align:justify\">All new visual improvements! Player faces have been added to in-game 3D models, hundreds of new 3D animation updates have been added, the all-new Cleveland Guardians logos/uniform/stadium is here, along with all-new sortable team statistics and the ability to search for, filter, and tag in-game news messages!</li>\r\n	<li style=\"text-align:justify\"><span style=\"font-size:14px\">Unlimited Alternate Uniforms! At long last, you can create Alternate uniforms for your team - and the options are virtually unlimited! Design hat/jersey/pant combinations to your heart&rsquo;s content, and designate the uniforms for days of the week and/or even specific dates of the year!</span></li>\r\n	<li style=\"text-align:justify\"><span style=\"font-size:14px\">All new In-Game Tutorials! For the first time ever, Out of the Park Baseball offers in-game guides highlighting all kinds of interesting information. Rookies and veterans alike will love these simple, powerful explainers - and more will be added all season long based on feedback from the community.</span></li>\r\n	<li style=\"text-align:justify\"><span style=\"font-size:14px\">Dramatically updated Live Starts! Our wildly popular Live Starts feature just got massively bigger and better - we now feature Full Minors from Low-A all the way through AAA for each organization whenever you Live Start from any day of the entire 2022 season!</span></li>\r\n	<li style=\"text-align:justify\"><span style=\"font-size:14px\">In-game simulation engine upgrades! We&rsquo;ve crunched massive amounts of data and crafted a significantly improved in-game core simulation engine, which will benefit not just the traditional Franchise Mode but also Perfect Team! Plus, all-new ratings balances for historical players AND a much-improved version of Negro League player ratings are in place!</span></li>\r\n	<li style=\"text-align:justify\"><span style=\"font-size:14px\">New 2022 MLB rules, tactics, playoffs, and strategies! Baseball continues evolving each year - and we have got you covered. From the new playoff structure to the universal DH, the latest and greatest MLB experience is here for you!</span></li>\r\n	<li style=\"text-align:justify\"><span style=\"font-size:14px\">New customizable options to create your own unique experience! Ever want to see what ties would be like in MLB? Or change up the playoffs with a full double elimination tournament or greatly expanded Round-Robin options? All sorts of new options are available to tinker with to design your own personal baseball heaven.</span></li>\r\n	<li style=\"text-align:justify\"><span style=\"font-size:14px\">New tools for Online Leagues! A new &ldquo;waypoints&rsquo; system allows online league Commissioners to mark customized simulation dates, and a new &ldquo;limited power&rdquo; Commissioner option expands the ability for multiple people to help run online leagues.</span></li>\r\n	<li style=\"text-align:justify\"><span style=\"font-size:14px\">Many, many more improvements, all built upon the incredibly deep award-winning Out of the Park Baseball engine that has accurately simulated the World Series winner the past three of the past five seasons on MLB Network!</span></li>\r\n</ul>\r\n\r\n<p style=\"text-align:justify\"><br />\r\n<span style=\"font-size:14px\">And, coming soon after launch, Perfect Team 23 mode!<br />\r\nPerfect Team is an incredible free online competition mode in Out of the Park Baseball that shook up the industry when it first launched in OOTP 19. Assemble, customize, and manage your team by collecting baseball cards from the past, present and future of Major League Baseball. Set your strategy and tactics, then compete against players from around the world to see who is truly the best!<br />\r\nDo you have what it takes to build the Perfect Team?</span></p>\r\n\r\n<p style=\"text-align:justify\"><br />\r\n<span style=\"font-size:14px\">When Perfect Team 23 launches, new features will include:</span></p>\r\n\r\n<ul>\r\n	<li style=\"text-align:justify\">The All-new Card Shop (replacing the Auction House) features a Buy/Sell mechanic that makes it easier to get the cards you want and benefit from those you don&rsquo;t!</li>\r\n	<li style=\"text-align:justify\"><span style=\"font-size:14px\">Tournaments are taking over! All-new Tournament Standings and Aggregate Rewards let you participate in multiple competitions at once - without having to do anything other than just playing the game! Rewards build up over the season and new competitions are introduced all season long!</span></li>\r\n	<li style=\"text-align:justify\"><span style=\"font-size:14px\">Dramatic overhaul of Live and Historical player card ratings - combined with the new in-game engine improvements - means Perfect Team 23 is a completely new experience from first pitch until the final out.</span></li>\r\n	<li style=\"text-align:justify\"><span style=\"font-size:14px\">Coming this holiday season - a LIVE Head-to-Head Perfect Team World Championship eSports event unlike anything we&rsquo;ve ever done before! Can YOU be the world&rsquo;s greatest Perfect Team player - and prove it LIVE to a worldwide audience?</span></li>\r\n	<li style=\"text-align:justify\"><span style=\"font-size:14px\">All-new Choice Packs - coming soon after launch - offer unprecedented agency over the cards you get for Mission Rewards!</span></li>\r\n	<li style=\"text-align:justify\"><span style=\"font-size:14px\">All-new Rewards - from Tournament rewards to Login rewards to overhauled Achievement awards, OOTP 23 doles out all kinds of great ways to get amazing Perfect Points and Packs!</span></li>\r\n	<li style=\"text-align:justify\"><span style=\"font-size:14px\">New lineup options give you more control than ever for your day-to-day success!</span></li>\r\n	<li style=\"text-align:justify\"><span style=\"font-size:14px\">Uniform Options by level</span></li>\r\n	<li style=\"text-align:justify\"><span style=\"font-size:14px\">Upgraded Card Pack opening experiences, with customizable choices by Card Type</span></li>\r\n	<li style=\"text-align:justify\"><span style=\"font-size:14px\">Gorgeous new player card artwork!</span></li>\r\n	<li style=\"text-align:justify\"><span style=\"font-size:14px\">Killer new cards and Collection Missions with great rewards - coming all season long!</span></li>\r\n	<li style=\"text-align:justify\"><span style=\"font-size:14px\">Plus! Dozens of surprises big and small all year!</span></li>\r\n</ul>\r\n', '<p style=\"margin-left:0cm; margin-right:0cm\"><strong><span style=\"font-size:14px\"><span style=\"font-family:Calibri,sans-serif\">IOS :</span></span></strong></p>\r\n\r\n<p style=\"margin-left:0cm; margin-right:0cm\"><span style=\"font-size:14px\"><strong><span style=\"font-family:Calibri,sans-serif\">MINIMUM:</span></strong></span></p>\r\n\r\n<ul>\r\n	<li><span style=\"font-size:14px\"><span style=\"font-family:Calibri,sans-serif\">Requires a 64-bit processor and operating system</span></span></li>\r\n	<li><span style=\"font-size:14px\"><span style=\"font-family:Calibri,sans-serif\">OS:&nbsp;macOS 10.11 or higher</span></span></li>\r\n	<li><span style=\"font-size:14px\"><span style=\"font-family:Calibri,sans-serif\">Processor:&nbsp;Any CPU, 64 bit</span></span></li>\r\n	<li><span style=\"font-size:14px\"><span style=\"font-family:Calibri,sans-serif\">Memory:&nbsp;2 GB RAM</span></span></li>\r\n	<li><span style=\"font-size:14px\"><span style=\"font-family:Calibri,sans-serif\">Graphics:&nbsp;OpenGL 3.1 or newer, min. 512 MB GPU memory</span></span></li>\r\n	<li><span style=\"font-size:14px\"><span style=\"font-family:Calibri,sans-serif\">Storage:&nbsp;3 GB available space</span></span></li>\r\n</ul>\r\n\r\n<p style=\"margin-left:0cm; margin-right:0cm\"><span style=\"font-size:14px\"><strong><span style=\"font-family:Calibri,sans-serif\">RECOMMENDED:</span></strong></span></p>\r\n\r\n<ul>\r\n	<li><span style=\"font-size:14px\"><span style=\"font-family:Calibri,sans-serif\">Requires a 64-bit processor and operating system</span></span></li>\r\n	<li><span style=\"font-size:14px\"><span style=\"font-family:Calibri,sans-serif\">OS:&nbsp;macOS 10.11 or higher</span></span></li>\r\n	<li><span style=\"font-size:14px\"><span style=\"font-family:Calibri,sans-serif\">Processor:&nbsp;Any CPU, 64 bit</span></span></li>\r\n	<li><span style=\"font-size:14px\"><span style=\"font-family:Calibri,sans-serif\">Memory:&nbsp;4 GB RAM</span></span></li>\r\n	<li><span style=\"font-size:14px\"><span style=\"font-family:Calibri,sans-serif\">Graphics:&nbsp;OpenGL 3.1 or newer, min. 512 MB GPU memory</span></span></li>\r\n	<li><span style=\"font-size:14px\"><span style=\"font-family:Calibri,sans-serif\">Storage:&nbsp;20 GB available space</span></span></li>\r\n</ul>\r\n'),
(14, 'Farming Simulator 22', 560000, 'Reguler', 'c73236d45d45e5505e85fdd10e5ea6aa.jpg', '<p style=\"text-align:justify\"><span style=\"font-size:14px\">Take on the role of a modern farmer! Agriculture, animal husbandry and forestry offer a huge variety of farming activities while you face the challenges of the four seasons, especially when winter sets in. Creatively build your own farm and extend your farming operations with production chains - forming an agricultural empire! Even run your farm together with friends and enjoy crossplatform multiplayer together.<br />\r\nWhether you create a lush vineyard or an olive orchard in the Mediterranean south of France, a vast farmland full of wheat, corn, potatoes and cotton in the US-Midwest or a lively animal farm in the hilly landscape of the European Alpine region: More than 400 machines and tools from over 100 real agricultural brands like Case IH, CLAAS, Fendt, John Deere, Massey Ferguson, New Holland, Valtra and many more are available for your farm.<br />\r\nFarming Simulator 22 brings a multitude of new gameplay features and offers more content and player freedom than ever before, including new ground working features like mulching or stone picking, an improved build-mode adding greenhouses and beehives, as well as a new character creator to bring your own, individual farmer to life.<br />\r\nA large variety of free community-created modifications, officially tested by the developer GIANTS Software, will extend your farming experience many times over. Rise to the challenges of becoming a successful farmer, start farming and let the good times grow!</span></p>\r\n', '<p style=\"margin-left:0cm; margin-right:0cm\"><span style=\"font-size:14px\"><strong><span style=\"font-family:Calibri,sans-serif\">MINIMUM:</span></strong></span></p>\r\n\r\n<ul>\r\n	<li><span style=\"font-size:14px\"><span style=\"font-family:Calibri,sans-serif\">Requires a 64-bit processor and operating system</span></span></li>\r\n	<li><span style=\"font-size:14px\"><span style=\"font-family:Calibri,sans-serif\">OS:&nbsp;Windows 10 Home (x64)</span></span></li>\r\n	<li><span style=\"font-size:14px\"><span style=\"font-family:Calibri,sans-serif\">Processor:&nbsp;Intel Core i5-3330 or AMD FX-8320 or better</span></span></li>\r\n	<li><span style=\"font-size:14px\"><span style=\"font-family:Calibri,sans-serif\">Memory:&nbsp;8 GB RAM</span></span></li>\r\n	<li><span style=\"font-size:14px\"><span style=\"font-family:Calibri,sans-serif\">Graphics:&nbsp;GeForce GTX 660 or AMD Radeon R7 265 or better (min 2GB VRAM)</span></span></li>\r\n	<li><span style=\"font-size:14px\"><span style=\"font-family:Calibri,sans-serif\">DirectX:&nbsp;Version 11</span></span></li>\r\n	<li><span style=\"font-size:14px\"><span style=\"font-family:Calibri,sans-serif\">Network:&nbsp;Broadband Internet connection</span></span></li>\r\n	<li><span style=\"font-size:14px\"><span style=\"font-family:Calibri,sans-serif\">Storage:&nbsp;35 GB available space</span></span></li>\r\n	<li><span style=\"font-size:14px\"><span style=\"font-family:Calibri,sans-serif\">Sound Card:&nbsp;Sound card</span></span></li>\r\n	<li><span style=\"font-size:14px\"><span style=\"font-family:Calibri,sans-serif\">Additional Notes:&nbsp;These system requirements can&acute;t cover all possible system configurations so issues could occur that influence the functionality in some cases.</span></span></li>\r\n</ul>\r\n\r\n<p style=\"margin-left:0cm; margin-right:0cm\"><span style=\"font-size:14px\"><strong><span style=\"font-family:Calibri,sans-serif\">RECOMMENDED:</span></strong></span></p>\r\n\r\n<ul>\r\n	<li><span style=\"font-size:14px\"><span style=\"font-family:Calibri,sans-serif\">Requires a 64-bit processor and operating system</span></span></li>\r\n	<li><span style=\"font-size:14px\"><span style=\"font-family:Calibri,sans-serif\">OS:&nbsp;Windows 10 Home (x64)</span></span></li>\r\n	<li><span style=\"font-size:14px\"><span style=\"font-family:Calibri,sans-serif\">Processor:&nbsp;Intel Core i5-5675C or AMD Ryzen 5 1600 or better</span></span></li>\r\n	<li><span style=\"font-size:14px\"><span style=\"font-family:Calibri,sans-serif\">Memory:&nbsp;8 GB RAM</span></span></li>\r\n	<li><span style=\"font-size:14px\"><span style=\"font-family:Calibri,sans-serif\">Graphics:&nbsp;GeForce GTX 1060 or Radeon RX 570 or better (min 6GB VRAM)</span></span></li>\r\n	<li><span style=\"font-size:14px\"><span style=\"font-family:Calibri,sans-serif\">DirectX:&nbsp;Version 11</span></span></li>\r\n	<li><span style=\"font-size:14px\"><span style=\"font-family:Calibri,sans-serif\">Network:&nbsp;Broadband Internet connection</span></span></li>\r\n	<li><span style=\"font-size:14px\"><span style=\"font-family:Calibri,sans-serif\">Storage:&nbsp;35 GB available space</span></span></li>\r\n	<li><span style=\"font-size:14px\"><span style=\"font-family:Calibri,sans-serif\">Sound Card:&nbsp;Sound card</span></span></li>\r\n	<li><span style=\"font-size:14px\"><span style=\"font-family:Calibri,sans-serif\">Additional Notes:&nbsp;These system requirements can&acute;t cover all possible system configurations so issues could occur that influence the functionality in some cases.</span></span></li>\r\n</ul>\r\n\r\n<p style=\"margin-left:0cm; margin-right:0cm\"><strong><span style=\"font-size:14px\"><span style=\"font-family:Calibri,sans-serif\">IOS :</span></span></strong></p>\r\n\r\n<p style=\"margin-left:0cm; margin-right:0cm\"><span style=\"font-size:14px\"><strong><span style=\"font-family:Calibri,sans-serif\">MINIMUM:</span></strong></span></p>\r\n\r\n<ul>\r\n	<li><span style=\"font-size:14px\"><span style=\"font-family:Calibri,sans-serif\">Requires a 64-bit processor and operating system</span></span></li>\r\n	<li><span style=\"font-size:14px\"><span style=\"font-family:Calibri,sans-serif\">OS:&nbsp;10.14 or newer</span></span></li>\r\n	<li><span style=\"font-size:14px\"><span style=\"font-family:Calibri,sans-serif\">Processor:&nbsp;Intel Core i5-3330 or AMD FX-8320 or better</span></span></li>\r\n	<li><span style=\"font-size:14px\"><span style=\"font-family:Calibri,sans-serif\">Memory:&nbsp;8 GB RAM</span></span></li>\r\n	<li><span style=\"font-size:14px\"><span style=\"font-family:Calibri,sans-serif\">Graphics:&nbsp;GeForce GTX 660, AMD Radeon R7 265 or better (min 2GB VRAM, DX11/DX12 support)</span></span></li>\r\n	<li><span style=\"font-size:14px\"><span style=\"font-family:Calibri,sans-serif\">Network:&nbsp;Broadband Internet connection</span></span></li>\r\n	<li><span style=\"font-size:14px\"><span style=\"font-family:Calibri,sans-serif\">Storage:&nbsp;35 GB available space</span></span></li>\r\n	<li><span style=\"font-size:14px\"><span style=\"font-family:Calibri,sans-serif\">Sound Card:&nbsp;Sound Card</span></span></li>\r\n	<li><span style=\"font-size:14px\"><span style=\"font-family:Calibri,sans-serif\">Additional Notes:&nbsp;These system requirements can&acute;t cover all possible system configurations so issues could occur that influence the functionality in some cases.</span></span></li>\r\n</ul>\r\n\r\n<p style=\"margin-left:0cm; margin-right:0cm\"><span style=\"font-size:14px\"><strong><span style=\"font-family:Calibri,sans-serif\">RECOMMENDED:</span></strong></span><br />\r\n&nbsp;</p>\r\n\r\n<ul>\r\n	<li><span style=\"font-size:14px\"><span style=\"font-family:Calibri,sans-serif\">Requires a 64-bit processor and operating system</span></span></li>\r\n	<li><span style=\"font-size:14px\"><span style=\"font-family:Calibri,sans-serif\">OS:&nbsp;10.14 or newer</span></span></li>\r\n	<li><span style=\"font-size:14px\"><span style=\"font-family:Calibri,sans-serif\">Processor:&nbsp;Intel Core i5-5675C or AMD Ryzen 5 1600 or better</span></span></li>\r\n	<li><span style=\"font-size:14px\"><span style=\"font-family:Calibri,sans-serif\">Memory:&nbsp;8 GB RAM</span></span></li>\r\n	<li><span style=\"font-size:14px\"><span style=\"font-family:Calibri,sans-serif\">Graphics:&nbsp;GeForce GTX 1060 or Radeon RX 570 or better (min 6GB VRAM)</span></span></li>\r\n	<li><span style=\"font-size:14px\"><span style=\"font-family:Calibri,sans-serif\">Network:&nbsp;Broadband Internet connection</span></span></li>\r\n	<li><span style=\"font-size:14px\"><span style=\"font-family:Calibri,sans-serif\">Storage:&nbsp;35 GB available space</span></span></li>\r\n	<li><span style=\"font-size:14px\"><span style=\"font-family:Calibri,sans-serif\">Sound Card:&nbsp;Sound Card</span></span></li>\r\n	<li><span style=\"font-size:14px\"><span style=\"font-family:Calibri,sans-serif\">Additional Notes:&nbsp;These system requirements can&acute;t cover all possible system configurations so issues could occur that influence the functionality in some cases.</span></span></li>\r\n</ul>\r\n'),
(15, 'Farm Together', 50000, 'Reguler', 'b2f794b7b7a0aa66d5168ede4ecceac6.jpg', '<p style=\"margin-left:0cm; margin-right:0cm; text-align:justify\"><span style=\"font-size:14px\"><span style=\"font-family:Calibri,sans-serif\">The ultimate farming experience!&nbsp;</span></span></p>\r\n\r\n<p style=\"margin-left:0cm; margin-right:0cm; text-align:justify\"><span style=\"font-size:14px\"><span style=\"font-family:Calibri,sans-serif\">From the creators of Avatar Farm comes Farm Together, the ultimate farming experience!<br />\r\n<br />\r\nStart from scratch, with a small plot, and end with a huge farm that extends further than the eye can see!</span></span></p>\r\n\r\n<p style=\"margin-left:0cm; margin-right:0cm; text-align:justify\"><strong><span style=\"font-size:14px\"><span style=\"font-family:Calibri,sans-serif\">Grow your farm</span></span></strong></p>\r\n\r\n<p style=\"margin-left:0cm; margin-right:0cm; text-align:justify\"><span style=\"font-size:14px\"><span style=\"font-family:Calibri,sans-serif\">Grow crops, plant trees, take care of the animals, and much more! Spend your hard-earned money in new buildings and facilities for your farm! Earn experience to unlock hundreds of new items!<br />\r\n<br />\r\nHop onto your tractor and speed up the tasks, but watch out or you&#39;ll run out of gas!</span></span></p>\r\n\r\n<p style=\"margin-left:0cm; margin-right:0cm; text-align:justify\"><strong><span style=\"font-size:14px\"><span style=\"font-family:Calibri,sans-serif\">Chill out</span></span></strong></p>\r\n\r\n<p style=\"margin-left:0cm; margin-right:0cm; text-align:justify\"><span style=\"font-size:14px\"><span style=\"font-family:Calibri,sans-serif\">Stay for as long as you want! In Farm Together time advances even if you&#39;re not online, so you can be sure you&#39;ll have something to do when you come back later.<br />\r\n<br />\r\nManage your farm all by yourself, allow entrance only to your friends, or open it to the public and start cultivating together! A simple permission system allows you to limit what strangers can do, so they can help with it without risks of vandalizing.</span></span></p>\r\n\r\n<p style=\"margin-left:0cm; margin-right:0cm; text-align:justify\"><strong><span style=\"font-size:14px\"><span style=\"font-family:Calibri,sans-serif\">Customize your farm and your looks</span></span></strong></p>\r\n\r\n<p style=\"margin-left:0cm; margin-right:0cm; text-align:justify\"><span style=\"font-size:14px\"><span style=\"font-family:Calibri,sans-serif\">You&#39;ll have plenty of customization items at your disposal: Fences, roads, buildings, decorations... Show your gardening and decoration skills to your neighbours!<br />\r\n<br />\r\nAnd don&#39;t forget about your clothes! Customize your avatar and your tractor to your liking, and go visit your friends&#39; farms!</span></span></p>\r\n\r\n<p style=\"margin-left:0cm; margin-right:0cm; text-align:justify\"><strong><span style=\"font-size:14px\"><span style=\"font-family:Calibri,sans-serif\">Take your pet anywhere</span></span></strong></p>\r\n\r\n<p style=\"margin-left:0cm; margin-right:0cm; text-align:justify\"><span style=\"font-size:14px\"><span style=\"font-family:Calibri,sans-serif\">Are you a cat person or a dog person? No problem, we got you covered!<br />\r\n<br />\r\nYour loyal friend will always be there to show you some love! Customize its looks however you like and have fun with it!</span></span></p>\r\n\r\n<p style=\"margin-left:0cm; margin-right:0cm; text-align:justify\"><strong><span style=\"font-size:14px\"><span style=\"font-family:Calibri,sans-serif\">Build your own house</span></span></strong></p>\r\n\r\n<p style=\"text-align:justify\"><span style=\"font-size:14px\">Want a change of pace? No problem! Just enter your house and relax!<br />\r\n<br />\r\nDecorate the house interior however you like, and spend some time cooking some recipes, painting, or even composing music!</span></p>\r\n', '<p style=\"margin-left:0cm; margin-right:0cm; text-align:justify\"><span style=\"font-size:14px\"><strong><span style=\"font-family:Calibri,sans-serif\">MINIMUM:</span></strong></span></p>\r\n\r\n<ul>\r\n	<li style=\"text-align:justify\"><span style=\"font-size:14px\"><span style=\"font-family:Calibri,sans-serif\">OS:&nbsp;Windows Vista or newer</span></span></li>\r\n	<li style=\"text-align:justify\"><span style=\"font-size:14px\"><span style=\"font-family:Calibri,sans-serif\">Processor:&nbsp;Dual Core processor</span></span></li>\r\n	<li style=\"text-align:justify\"><span style=\"font-size:14px\"><span style=\"font-family:Calibri,sans-serif\">Memory:&nbsp;2 GB RAM</span></span></li>\r\n	<li style=\"text-align:justify\"><span style=\"font-size:14px\"><span style=\"font-family:Calibri,sans-serif\">Graphics:&nbsp;DirectX 10 capable hardware</span></span></li>\r\n	<li style=\"text-align:justify\"><span style=\"font-size:14px\"><span style=\"font-family:Calibri,sans-serif\">DirectX:&nbsp;Version 11</span></span></li>\r\n</ul>\r\n\r\n<p style=\"margin-left:0cm; margin-right:0cm; text-align:justify\"><span style=\"font-size:14px\"><strong><span style=\"font-family:Calibri,sans-serif\">RECOMMENDED:</span></strong></span></p>\r\n\r\n<ul>\r\n	<li style=\"text-align:justify\"><span style=\"font-size:14px\"><span style=\"font-family:Calibri,sans-serif\">OS:&nbsp;Windows 7 or newer</span></span></li>\r\n	<li style=\"text-align:justify\"><span style=\"font-size:14px\"><span style=\"font-family:Calibri,sans-serif\">Processor:&nbsp;Quad core processor</span></span></li>\r\n	<li style=\"text-align:justify\"><span style=\"font-size:14px\"><span style=\"font-family:Calibri,sans-serif\">Memory:&nbsp;6 GB RAM</span></span></li>\r\n	<li style=\"text-align:justify\"><span style=\"font-size:14px\"><span style=\"font-family:Calibri,sans-serif\">Graphics:&nbsp;GeForce 960 or better</span></span></li>\r\n	<li style=\"text-align:justify\"><span style=\"font-size:14px\"><span style=\"font-family:Calibri,sans-serif\">DirectX:&nbsp;Version 11</span></span></li>\r\n	<li style=\"text-align:justify\"><span style=\"font-size:14px\"><span style=\"font-family:Calibri,sans-serif\">Network:&nbsp;Broadband Internet connection</span></span></li>\r\n	<li style=\"text-align:justify\"><span style=\"font-size:14px\"><span style=\"font-family:Calibri,sans-serif\">Additional Notes:&nbsp;64bit OS recommended</span></span></li>\r\n</ul>\r\n\r\n<p style=\"margin-left:0cm; margin-right:0cm; text-align:justify\"><strong><span style=\"font-size:14px\"><span style=\"font-family:Calibri,sans-serif\">IOS :</span></span></strong></p>\r\n\r\n<p style=\"margin-left:0cm; margin-right:0cm; text-align:justify\"><span style=\"font-size:14px\"><strong><span style=\"font-family:Calibri,sans-serif\">MINIMUM:</span></strong></span><br />\r\n&nbsp;</p>\r\n\r\n<ul>\r\n	<li style=\"text-align:justify\"><span style=\"font-size:14px\"><span style=\"font-family:Calibri,sans-serif\">OS:&nbsp;Mac OS X 10.9+, tested on OSX 10.10+</span></span></li>\r\n	<li style=\"text-align:justify\"><span style=\"font-size:14px\"><span style=\"font-family:Calibri,sans-serif\">Processor:&nbsp;2.5GHz dual-core Intel Core i5</span></span></li>\r\n	<li style=\"text-align:justify\"><span style=\"font-size:14px\"><span style=\"font-family:Calibri,sans-serif\">Memory:&nbsp;2 GB RAM</span></span></li>\r\n	<li style=\"text-align:justify\"><span style=\"font-size:14px\"><span style=\"font-family:Calibri,sans-serif\">Graphics:&nbsp;OpenGL 2 Graphics card</span></span></li>\r\n	<li style=\"text-align:justify\"><span style=\"font-size:14px\"><span style=\"font-family:Calibri,sans-serif\">Storage:&nbsp;1 GB available space</span></span></li>\r\n</ul>\r\n\r\n<p style=\"margin-left:0cm; margin-right:0cm; text-align:justify\"><span style=\"font-size:14px\"><strong><span style=\"font-family:Calibri,sans-serif\">RECOMMENDED:</span></strong></span></p>\r\n\r\n<ul>\r\n	<li style=\"text-align:justify\"><span style=\"font-size:14px\"><span style=\"font-family:Calibri,sans-serif\">OS:&nbsp;Mac OS X 10.9+, tested on OSX 10.10+</span></span></li>\r\n	<li style=\"text-align:justify\"><span style=\"font-size:14px\"><span style=\"font-family:Calibri,sans-serif\">Processor:&nbsp;Quad core processor</span></span></li>\r\n	<li style=\"text-align:justify\"><span style=\"font-size:14px\"><span style=\"font-family:Calibri,sans-serif\">Memory:&nbsp;6 GB RAM</span></span></li>\r\n	<li style=\"text-align:justify\"><span style=\"font-size:14px\"><span style=\"font-family:Calibri,sans-serif\">Storage:&nbsp;1 GB available space</span></span></li>\r\n</ul>\r\n'),
(16, 'Phasmophobia', 100000, 'Reguler', 'd42d42561a59218105a0f5b6fee1dd42.jpg', '<p>Phasmophobia is a 4 player online co-op psychological horror where you and your team members of paranormal investigators will enter haunted locations filled with paranormal activity and gather as much evidence of the paranormal as you can. You will use your ghost hunting equipment to search for and record evidence of whatever ghost is haunting the location to sell onto a ghost removal team.<br />\r\n<br />\r\nYou can choose to support your team by monitoring the location with CCTV cameras and motion sensors from the safety of the truck or head inside and get your hands dirty with the ghostly activity that will get increasingly hostile as time goes on.<br />\r\n&nbsp;</p>\r\n\r\n<ul>\r\n	<li><strong>Immersive Experience:</strong>&nbsp;Realistic graphics and sounds as well as having minimal user interfaces will ensure a totally immersive experience that will keep you on your toes.</li>\r\n	<li><strong>Cross platform:</strong>&nbsp;Phasmophobia supports all players whether they have VR or not so can enjoy the game with your VR and non VR friends.</li>\r\n	<li><strong>Co-op multiplayer:</strong>&nbsp;Play alongside your friends with up to 4 players in this co-op horror where teamwork is key to your success.</li>\r\n	<li><strong>Unique Ghosts:</strong>&nbsp;Over 10 different types of Ghosts all with unique traits meaning each investigation will be different.</li>\r\n	<li><strong>Investigate:</strong>&nbsp;Use well known ghost hunting equipment such as EMF Readers, Spirit Boxes, Thermometers and Night Vision Cameras to find clues and gather as much paranormal evidence as you can.</li>\r\n	<li><strong>Full Voice Recognition:&nbsp;</strong>The Ghosts are listening! Use your actual voice to interact with the Ghosts through Ouija Boards and EVP Sessions using a Spirit Box.</li>\r\n</ul>\r\n', '<ul>\r\n	<li><strong>MINIMUM:</strong>\r\n	<ul>\r\n		<li>Requires a 64-bit processor and operating system</li>\r\n		<li><strong>OS:</strong>&nbsp;Windows 10 64Bit</li>\r\n		<li><strong>Processor:</strong>&nbsp;Intel Core i5-4590 / AMD Ryzen 5 2600</li>\r\n		<li><strong>Memory:</strong>&nbsp;8 GB RAM</li>\r\n		<li><strong>Graphics:</strong>&nbsp;NVIDIA GTX 970 / AMD Radeon R9 390</li>\r\n		<li><strong>Storage:</strong>&nbsp;18 GB available space</li>\r\n		<li><strong>Additional Notes:</strong>&nbsp;Minimum Specs are for VR, lower specs may work for Non-VR.</li>\r\n	</ul>\r\n	</li>\r\n</ul>\r\n\r\n<ul>\r\n	<li><strong>RECOMMENDED:</strong>\r\n\r\n	<ul>\r\n		<li>Requires a 64-bit processor and operating system</li>\r\n		<li><strong>OS:</strong>&nbsp;Windows 10 64Bit</li>\r\n		<li><strong>Processor:</strong>&nbsp;Intel Core i5-10600 / AMD Ryzen 5 3600</li>\r\n		<li><strong>Memory:</strong>&nbsp;8 GB RAM</li>\r\n		<li><strong>Graphics:</strong>&nbsp;NVIDIA RTX 2060 / AMD Radeon RX 5700</li>\r\n		<li><strong>Network:</strong>&nbsp;Broadband Internet connection</li>\r\n		<li><strong>Storage:</strong>&nbsp;18 GB available space</li>\r\n	</ul>\r\n	</li>\r\n</ul>\r\n');
INSERT INTO `products` (`id`, `name`, `price`, `edition`, `image`, `description`, `requirements`) VALUES
(17, 'Foster: Ghost Child', 40000, 'Reguler', 'bb23037f0f8404845aa4f9ab7103fd4a.jpg', '<h2><span style=\"font-size:11px\">ABOUT THIS GAME</span></h2>\r\n\r\n<p><strong>Story</strong><br />\r\nYun Xiu court, located in a remote mountainous area, was once a bustling casino and hotel. However, it was forced to close overnight. The truth behind it is chilling. Liu Xi must explore this mysterious haunted hotel to solve the case of her parents&#39; disappearance and the ghostly apparitions that have been haunting her. How will she survive in this ever threatening environment? Help her unravel the layers of mystery and return to safety.<br />\r\n<br />\r\n&ldquo;Ever since my parents&#39; bizarre disappearance, I&#39;ve been having nightmares about a group of pregnant women in cheongsams and a scary woman draped in thorns.&rdquo; Liu Xi</p>\r\n\r\n<p><strong>The Gameplay</strong><br />\r\nFoster: Ghost Child provides an atmospheric horror that incorporates East Asian elements rarely used in games. The game makes use of Chinese traditional elements to convey a distinct and frightful storyline that incorporates Taoism, Buddhism, and Chinese mythology.<br />\r\n<br />\r\nYou had to explore the otherworldly rooms and find objects to interact with while escaping from the vengeful spirit. A cursed, sinister past will eventually surface as further mysteries are solved.</p>\r\n', '<ul>\r\n	<li><strong>MINIMUM:</strong>\r\n	<ul>\r\n		<li>Requires a 64-bit processor and operating system</li>\r\n		<li><strong>OS:</strong>&nbsp;Requires a 64-bit processor and operating system 64 bits</li>\r\n		<li><strong>Processor:</strong>&nbsp;Intel Core i5-6200U 2.3GHz</li>\r\n		<li><strong>Memory:</strong>&nbsp;8 GB RAM</li>\r\n		<li><strong>Graphics:</strong>&nbsp;GeForce Gtx 950M</li>\r\n		<li><strong>Storage:</strong>&nbsp;15 GB available space</li>\r\n	</ul>\r\n	</li>\r\n</ul>\r\n\r\n<ul>\r\n	<li><strong>RECOMMENDED:</strong>\r\n\r\n	<ul>\r\n		<li>Requires a 64-bit processor and operating system</li>\r\n		<li><strong>OS:</strong>&nbsp;Requires a 64-bit processor and operating system 64 bits</li>\r\n		<li><strong>Processor:</strong>&nbsp;AMD Ryzen 5 3600 6-Core Processor</li>\r\n		<li><strong>Memory:</strong>&nbsp;8 GB RAM</li>\r\n		<li><strong>Graphics:</strong>&nbsp;GeForce GTX 1660 Super</li>\r\n		<li><strong>Storage:</strong>&nbsp;15 GB available space</li>\r\n	</ul>\r\n	</li>\r\n</ul>\r\n'),
(18, 'Ghost Watchers', 75000, 'Reguler', 'e70c76334c2b6708d80e52ecd7415beb.jpg', '<h2>ABOUT THIS GAME</h2>\r\n\r\n<p>Many abandoned houses are full of ghosts. These can be the souls of suicides or demons. It could be the spirit of a vampire, slowly sucking the blood from everyone who comes near</p>\r\n\r\n<p><strong>ADVANTAGES</strong><br />\r\n&nbsp;</p>\r\n\r\n<ul>\r\n	<li>8 types of unique ghosts &ndash; the souls of people and strange creatures, as well as several types of demons!</li>\r\n	<li>More than 20 types of detailed tools for collecting evidence and fighting ghosts!</li>\r\n	<li>You can tell the type of ghost, its age and mood</li>\r\n	<li>You can not only study ghosts, but also catch them!</li>\r\n</ul>\r\n\r\n<p><strong>GAMEPLAY</strong><br />\r\n<br />\r\nYou will have to explore the ghost, and then catch it! In this hunt everything is important: look for evidence, find out the age of the ghost, feel what kind of mood it is in<br />\r\n<br />\r\n<strong>EARLY ACCESS</strong><br />\r\n<br />\r\nWe will be adding new ghosts and new locations to the game.</p>\r\n', '<h2>SYSTEM REQUIREMENTS</h2>\r\n\r\n<ul>\r\n	<li><strong>MINIMUM:</strong>\r\n\r\n	<ul>\r\n		<li><strong>OS:</strong>&nbsp;Windows 10</li>\r\n		<li><strong>Processor:</strong>&nbsp;Intel i5 or AMD equivalent (AMD FX 8500+ Series)</li>\r\n		<li><strong>Memory:</strong>&nbsp;4 GB RAM</li>\r\n		<li><strong>Graphics:</strong>&nbsp;2 GB Video RAM</li>\r\n		<li><strong>DirectX:</strong>&nbsp;Version 10</li>\r\n		<li><strong>Storage:</strong>&nbsp;8 GB available space</li>\r\n	</ul>\r\n	</li>\r\n</ul>\r\n\r\n<ul>\r\n	<li><strong>RECOMMENDED:</strong>\r\n\r\n	<ul>\r\n		<li><strong>OS:</strong>&nbsp;Windows 10</li>\r\n		<li><strong>Processor:</strong>&nbsp;Intel i5 or AMD equivalent (AMD FX 8500+ Series)</li>\r\n		<li><strong>Memory:</strong>&nbsp;8 GB RAM</li>\r\n		<li><strong>Graphics:</strong>&nbsp;4 GB Video RAM</li>\r\n		<li><strong>DirectX:</strong>&nbsp;Version 12</li>\r\n		<li><strong>Storage:</strong>&nbsp;8 GB available space</li>\r\n	</ul>\r\n	</li>\r\n</ul>\r\n'),
(19, 'Kanjozoku Game', 30000, 'Reguler', '2ae73d4ccd7c8c5bc2bf4c49df6f1e6d.jpg', '<h2>ABOUT THIS GAME</h2>\r\n\r\n<h2>Kanjozoku Game ???? :</h2>\r\n\r\n<ul>\r\n	<li>90s Osaka Kanjo Illegal street racing.</li>\r\n	<li>Feel like an street racer and drive on japanese autobahns.</li>\r\n	<li>True 90s and 2000s JDM Cars to drive and tune.</li>\r\n	<li>Engine Tuning: Internals, Turbochargers, ECU, Fuel, Intake, Exhaust, etc.</li>\r\n	<li>Engine Swaps: 2JZ, RB26, VQ35, 4AGE, B16B, 13B, LS3, SR20, CA18, and much more!</li>\r\n	<li>Body Tuning: Bumpers, Hoods, Fenders, Lights, etc.</li>\r\n	<li>Suspension Tuning: Wheels, Rims, Tyres, Camber, Coilovers, Spacers etc.</li>\r\n	<li>Load custom vinyls/liveries to the car.</li>\r\n	<li>Online Races: Time Attack, Minimum Speed, Do not Crash, Avoid Traffic, etc.</li>\r\n	<li>Online Car Meets and Hotspots.</li>\r\n	<li>Drift with RWD and AWD cars.</li>\r\n	<li>High Speed Police Chases.</li>\r\n	<li>Rating system: Avoid traffic at high speeds, complete races, escape police chases, play online and PvP with someone else to gain more rating.</li>\r\n</ul>\r\n', '<h2>SYSTEM REQUIREMENTS</h2>\r\n\r\n<ul>\r\n	<li><strong>MINIMUM:</strong>\r\n\r\n	<ul>\r\n		<li>Requires a 64-bit processor and operating system</li>\r\n		<li><strong>OS:</strong>&nbsp;Win 10</li>\r\n		<li><strong>Processor:</strong>&nbsp;i3</li>\r\n		<li><strong>Memory:</strong>&nbsp;4000 MB RAM</li>\r\n		<li><strong>Graphics:</strong>&nbsp;Intel HD Graphics</li>\r\n		<li><strong>DirectX:</strong>&nbsp;Version 10</li>\r\n		<li><strong>Network:</strong>&nbsp;Broadband Internet connection</li>\r\n		<li><strong>Storage:</strong>&nbsp;3 GB available space</li>\r\n	</ul>\r\n	</li>\r\n</ul>\r\n\r\n<ul>\r\n	<li><strong>RECOMMENDED:</strong>\r\n\r\n	<ul>\r\n		<li>Requires a 64-bit processor and operating system</li>\r\n		<li><strong>OS:</strong>&nbsp;Win 10</li>\r\n		<li><strong>Processor:</strong>&nbsp;i5</li>\r\n		<li><strong>Memory:</strong>&nbsp;4000 MB RAM</li>\r\n		<li><strong>Graphics:</strong>&nbsp;GTX 1070</li>\r\n		<li><strong>DirectX:</strong>&nbsp;Version 11</li>\r\n		<li><strong>Network:</strong>&nbsp;Broadband Internet connection</li>\r\n		<li><strong>Storage:</strong>&nbsp;3 GB available space</li>\r\n	</ul>\r\n	</li>\r\n</ul>\r\n'),
(20, 'Midnight Zone', 20000, 'Reguler', 'c7f721b24ad2a06d4b99bb6ee9430121.jpg', '<h2>ABOUT THIS GAME</h2>\r\n\r\n<p>Midnight Zone is a fast pace hyper casual platformer. You&#39;ll need to dodge, dash and fall through platforms to avoid being crushed by the terrible low pressure at the top of the ocean. You&#39;ll play as Aurora the Angler fish who has a hunger for just about anything that moves. the Midnight zone is a very cut throat place to live so watch out for any other sea creatures you come across that might slow you down. This Hyper casual platformer is great to play if you&#39;re bored at the office or you&#39;re waiting for a multiplayer queue and have nothing else to do! With a killer sound track and addicting &quot;can&#39;t put it down&quot; game play. Midnight Zone will have you up until the midnight hours.</p>\r\n', '<h2><span style=\"font-size:12px\">SYSTEM REQUIREMENTS</span></h2>\r\n\r\n<p>Windows</p>\r\n\r\n<ul>\r\n	<li><strong>MINIMUM:</strong>\r\n\r\n	<ul>\r\n		<li>Requires a 64-bit processor and operating system</li>\r\n		<li><strong>OS:</strong>&nbsp;Windows XP/Vista/7/8 or 10</li>\r\n		<li><strong>Processor:</strong>&nbsp;2.3 GHz Intel Core 2 Duo or better</li>\r\n		<li><strong>Memory:</strong>&nbsp;512 MB RAM</li>\r\n		<li><strong>Graphics:</strong>&nbsp;DirectX 9 compatible video card</li>\r\n		<li><strong>DirectX:</strong>&nbsp;Version 9.0</li>\r\n		<li><strong>Storage:</strong>&nbsp;1 GB available space</li>\r\n		<li><strong>Sound Card:</strong>&nbsp;N/A</li>\r\n	</ul>\r\n	</li>\r\n</ul>\r\n\r\n<ul>\r\n	<li><strong>RECOMMENDED:</strong>\r\n\r\n	<ul>\r\n		<li>Requires a 64-bit processor and operating system</li>\r\n		<li><strong>OS:</strong>&nbsp;Windows XP/Vista/7/8 or 10</li>\r\n		<li><strong>Processor:</strong>&nbsp;2.3 GHz Intel Core 2 Duo or better</li>\r\n		<li><strong>Memory:</strong>&nbsp;1024 MB RAM</li>\r\n		<li><strong>Graphics:</strong>&nbsp;DirectX 9 compatible video card with at least 1024MB of VRAM</li>\r\n		<li><strong>DirectX:</strong>&nbsp;Version 9.0</li>\r\n		<li><strong>Storage:</strong>&nbsp;2 GB available space</li>\r\n		<li><strong>Sound Card:</strong>&nbsp;N/A</li>\r\n	</ul>\r\n	</li>\r\n</ul>\r\n\r\n<p>MacOS</p>\r\n\r\n<ul>\r\n	<li><strong>MINIMUM:</strong>\r\n\r\n	<ul>\r\n		<li>Requires a 64-bit processor and operating system</li>\r\n		<li><strong>OS:</strong>&nbsp;Mac OS12</li>\r\n	</ul>\r\n	</li>\r\n</ul>\r\n\r\n<ul>\r\n	<li><strong>RECOMMENDED:</strong>\r\n\r\n	<ul>\r\n		<li>Requires a 64-bit processor and operating system</li>\r\n	</ul>\r\n	</li>\r\n</ul>\r\n\r\n<p>&nbsp;</p>\r\n');

-- --------------------------------------------------------

--
-- Table structure for table `users`
--

CREATE TABLE `users` (
  `id` int(11) NOT NULL,
  `name` varchar(100) NOT NULL,
  `email` varchar(100) NOT NULL,
  `password` varchar(255) NOT NULL,
  `role` enum('1','2') NOT NULL
) ENGINE=InnoDB DEFAULT CHARSET=latin1;

--
-- Dumping data for table `users`
--

INSERT INTO `users` (`id`, `name`, `email`, `password`, `role`) VALUES
(1, 'Admin', 'admin@gmail.com', '$2y$10$I52FUe8oEeyXPw8y6olwD.m12vecYpd0FiS66r2iN08cOiRmHE.I6', '1'),
(5, 'user', 'user@gmail.com', '$2y$10$pdl1pLYi305EZ4WGc1BnfeboLPY/sTS4JJd3TbC9edOH.KPzAPtLe', '2'),
(6, 'Dony Dina', 'dony23aditya@gmail.com', '$2y$10$MM1vT3PbG1X.t6kP71e3Q.aciUoeQaeqJflO4EatDjT7WOxnqPR4W', '2'),
(9, 'Dododo', 'dodo@gmail.com', '$2y$10$HEuQE3oSw4NTEyj/zdqLtu4mVmPb6CCfOLyo/1gALToShanN4ZRsm', '2'),
(10, 'Ditta Sri Wardiani', 'dittasriw@gmail.com', '$2y$10$uMZubUGpt5tEsnJHWf2qPul8QPkj/q9X/JRtKMRrzjwfxxg1FySdm', '2'),
(11, 'Nov', 'novittarahayu@yahoo.com', '$2y$10$MKNT18GzU4sGI7dztEriQuXNP4HeEC5rVqc4lTFLBO2E.9qmsjvA6', '2'),
(12, 'Siska xxxxx', 'testing123@yopmail.com', '$2y$10$lGsyNHhH.W0cmIc3HSDf8OQcG0QJPjs3QZUk3tChltdPjNuzSPGfO', '2'),
(13, 'wanda', 'wandaabepaa@gmail.com', '$2y$10$//ttQmTPIIQh1C979/tdCOgZYqiTmkxMgSXSYd0AgI0dJ6G1YKdmC', '2'),
(14, 'Harry Febriyanto', 'harryf.nord@gmail.com', '$2y$10$DulJz1gv77U13oun/RFEzeEVTDOngPywGALtk2XFv7CGM8GM5NALS', '2'),
(15, 'tes123', 'tes123@gmail.com', '$2y$10$3LBEJ9wUcSpNJXskGI0ODOvSKWh33L0gzMoTzLfCSWh.L7iNxDKHy', '2'),
(16, 'yuhu', 'yuhu@gmail.com', '$2y$10$NtC1fShINgtJDOQGZYh6O.4eHgcHOI0EfykbQtHVN/UL/9rSCm1AS', '2'),
(18, 'dodol', 'dodol@gmail.com', '$2y$10$URNyVShcp29gipL81GclkeGHJUae2CR84m8lEDQFS.iiwWfyGCuQW', '2'),
(19, 'test', 'testadmin@gmail.com', '$2y$10$Slc.FsHL1qsKKPq5Njh30ugPiSz0FRu510qUJu4OO.lRzkubPusaW', '1'),
(20, 'testuser123', 'testuser@gmail.com', '$2y$10$xBRg4a1JFdYWy2StzLV31uaLTQ4QRqErP4vJGaG6E4dOh7gJjZP4O', '2'),
(21, 'Putri', 'ayuputriayu36@gmail.com', '$2y$10$azAk1KS5q2uE6nk8FXxdUuq4pdo9VQ3z9aap/u.MFxaUAh.Zoznvq', '2'),
(22, 'adib ', 'adibdesta08@gmail.com', '$2y$10$4psAFxp4bCvmBU/Ri3zFauevHy2YwRnnao23pxG2GhigFxUiGPIDy', '2'),
(23, 'Eri Pamungkas', 'pamungkas.eri@gmail.com', '$2y$10$aMafA5/td4Khv6och161VukGAy9mqck4kdLuaVifAUzyeedcRMm5q', '2'),
(24, 'Surya', 'suryaadhywardhana@gmail.com', '$2y$10$pftQddeCBHivXAL2fliJeubEd2UMJEZrZQl313JlF7Wzz29w3G9Iu', '2'),
(25, 'Chintya Lestari Apriliana', 'chintyaapriliana@gmail.com', '$2y$10$BkABf6iWVmMrxHB1akql0O72wX5qwbR7VzN38HCO5NkyFf.hpW6SO', '2'),
(26, 'jingga senja', 'aliviashifa01@gmail.com', '$2y$10$tx1bXHCLAVgyMqm6vlHzFO2mt28fJsEgz7RvZhd2c785Hrv3HFGle', '2'),
(27, 'Digital Baru', 'digitalbaruberjaya@hotmail.com', '$2y$10$oZMW2axTD3yvEjptTLf2N.BjTvbSwjlF9UhJadh544trO7XgsxpQC', '1'),
(28, 'wiralalala', 'wirakalinie@gmail.com', '$2y$10$rAgRJQEUEWDmSoCdGnwwAunl1pxNfgdun2ivejlwZB37VXvH55Tr6', '2'),
(29, 'Aaron Tatengkeng', 'aarontatengkeng@gmail.com', '$2y$10$59borKxq5ySxcPdz4eTN2uAhn4XNwwrvFDQ/2LLzEbQXzTjzzJH7a', '2'),
(30, 'Boim Pelor', 'jagoanbanget50@gmail.com', '$2y$10$XM8AGAhinsJwHYAfEqux6.ss1U8YOv/7qfq/O8/dFN4H1sEA7YB/q', '2'),
(31, 'test', 'test@gmail.com', '$2y$10$wMkAWKD78iLeVu49oEIiCO5BoKBz6ifI0cBpkNzwyjYu9w8z6/syS', '2'),
(32, 'Strifie', 'black.saiber@gmail.com', '$2y$10$1BP5WpU04ZNmxcZz2Wm.XuWv2RGtfDi/24/2fjUFGRrE075J9JODC', '2'),
(33, 'asddasd', 'fagov37268@weepm.com', '$2y$10$5bNVPiv2RJe027wgjXSEYeZIZ/GyDNdFoVvyuHPdXmjz36hShmBka', '2'),
(34, 'tes', 'ajastandar@gmail.com', '$2y$10$HOVp7Pk3LwEdjAF7VnEUG.1jQEBAxHWXBX1zasjFmS6BFdXXf0xxq', '2'),
(35, 'lala', 'lala.lala.dcm@gmail.com', '$2y$10$iyfWq/2dkV.EsJnoIOiGI.Fx07E/StEWd20NFXW13rFXbRKbsqQeW', '2'),
(36, 'asolo', 'asolo123163@gamail.com', '$2y$10$Ow1WahzoKCl9OX3q0/MZL.xVFTs5zEVyH9n4O7MSed4nxc0Tdubou', '2'),
(37, 'octa', 'octavia.george91@gmail.com', '$2y$10$S.hIP/kG4C6wCBMpmm76GuwUBGA/V/mvLj02YdgZFfktG/TkpSxYm', '2'),
(38, 'Andi Muhammad Adam', 'andimuhammadadam07@gmail.com', '$2y$10$f5FupJA1uLDLwJjIP0Ov/elwk6In3Sq37eKiy76trNo4Pb36goPLK', '2'),
(39, 'Denny Setiawan', 'bussinesdev12@gmail.com', '$2y$10$mHNs.Gab5t33hqTZvElmYOAiUFnkKoaIGS.NSsbaGijllYOCStoD6', '2');

-- --------------------------------------------------------

--
-- Table structure for table `va_bank`
--

CREATE TABLE `va_bank` (
  `id` int(11) NOT NULL,
  `nama_bank` varchar(255) NOT NULL,
  `payment_channel` varchar(255) NOT NULL,
  `secret_key` varchar(255) NOT NULL,
  `digit` int(11) NOT NULL
) ENGINE=InnoDB DEFAULT CHARSET=utf8mb4;

--
-- Dumping data for table `va_bank`
--

INSERT INTO `va_bank` (`id`, `nama_bank`, `payment_channel`, `secret_key`, `digit`) VALUES
(1, 'BCA', 'VA_BCA', 'Bm7w77bmNC', 6),
(2, 'CIMB', 'VA_CIMB', 'DK33qFRI1H', 9),
(3, 'PERMATA', 'VA_PERMATA', 'MS1j1bJxfq', 9),
(4, 'MUAMALAT', 'VA_MUAMALAT', 'R0Wv3HQroE', 7),
(5, 'MANDIRI', 'VA_MANDIRI', 'BoP1uqva62', 8),
(6, 'BNI', 'VA_BNI', 'NlSeMixkXA', 9),
(7, 'BRI', 'VA_BRI', '5eM0l8pPLm', 8);

--
-- Indexes for dumped tables
--

--
-- Indexes for table `banners`
--
ALTER TABLE `banners`
  ADD PRIMARY KEY (`id`);

--
-- Indexes for table `cart`
--
ALTER TABLE `cart`
  ADD PRIMARY KEY (`id`),
  ADD KEY `user_id` (`user_id`),
  ADD KEY `product_id` (`product_id`);

--
-- Indexes for table `orders`
--
ALTER TABLE `orders`
  ADD PRIMARY KEY (`id`);

--
-- Indexes for table `orders_confirm`
--
ALTER TABLE `orders_confirm`
  ADD PRIMARY KEY (`id`);

--
-- Indexes for table `orders_detail`
--
ALTER TABLE `orders_detail`
  ADD PRIMARY KEY (`id`);

--
-- Indexes for table `privasi`
--
ALTER TABLE `privasi`
  ADD PRIMARY KEY (`id`);

--
-- Indexes for table `products`
--
ALTER TABLE `products`
  ADD PRIMARY KEY (`id`);

--
-- Indexes for table `users`
--
ALTER TABLE `users`
  ADD PRIMARY KEY (`id`);

--
-- Indexes for table `va_bank`
--
ALTER TABLE `va_bank`
  ADD PRIMARY KEY (`id`);

--
-- AUTO_INCREMENT for dumped tables
--

--
-- AUTO_INCREMENT for table `banners`
--
ALTER TABLE `banners`
  MODIFY `id` int(11) NOT NULL AUTO_INCREMENT, AUTO_INCREMENT=10;

--
-- AUTO_INCREMENT for table `cart`
--
ALTER TABLE `cart`
  MODIFY `id` int(11) NOT NULL AUTO_INCREMENT, AUTO_INCREMENT=87;

--
-- AUTO_INCREMENT for table `orders`
--
ALTER TABLE `orders`
  MODIFY `id` int(11) NOT NULL AUTO_INCREMENT, AUTO_INCREMENT=20;

--
-- AUTO_INCREMENT for table `orders_confirm`
--
ALTER TABLE `orders_confirm`
  MODIFY `id` int(11) NOT NULL AUTO_INCREMENT, AUTO_INCREMENT=4;

--
-- AUTO_INCREMENT for table `orders_detail`
--
ALTER TABLE `orders_detail`
  MODIFY `id` int(11) NOT NULL AUTO_INCREMENT, AUTO_INCREMENT=57;

--
-- AUTO_INCREMENT for table `privasi`
--
ALTER TABLE `privasi`
  MODIFY `id` int(11) NOT NULL AUTO_INCREMENT, AUTO_INCREMENT=2;

--
-- AUTO_INCREMENT for table `products`
--
ALTER TABLE `products`
  MODIFY `id` int(11) NOT NULL AUTO_INCREMENT, AUTO_INCREMENT=21;

--
-- AUTO_INCREMENT for table `users`
--
ALTER TABLE `users`
  MODIFY `id` int(11) NOT NULL AUTO_INCREMENT, AUTO_INCREMENT=40;

--
-- AUTO_INCREMENT for table `va_bank`
--
ALTER TABLE `va_bank`
  MODIFY `id` int(11) NOT NULL AUTO_INCREMENT, AUTO_INCREMENT=9;

--
-- Constraints for dumped tables
--

--
-- Constraints for table `cart`
--
ALTER TABLE `cart`
  ADD CONSTRAINT `cart_ibfk_1` FOREIGN KEY (`user_id`) REFERENCES `users` (`id`),
  ADD CONSTRAINT `cart_ibfk_2` FOREIGN KEY (`product_id`) REFERENCES `products` (`id`);
COMMIT;

/*!40101 SET CHARACTER_SET_CLIENT=@OLD_CHARACTER_SET_CLIENT */;
/*!40101 SET CHARACTER_SET_RESULTS=@OLD_CHARACTER_SET_RESULTS */;
/*!40101 SET COLLATION_CONNECTION=@OLD_COLLATION_CONNECTION */;
